Data;Concorso;Numeri;Oro;DoppioOro
26/06/2014 20:00;76;01 03 05 07 14 25 26 31 40 51 52 54 56 63 65 73 74 82 85 86;74;0
28/06/2014 20:00;77;17 18 20 22 27 31 39 42 45 46 58 61 65 67 68 69 72 75 78 89;45;0
01/07/2014 20:00;78;14 29 34 35 37 38 42 46 49 53 61 65 66 67 68 72 75 78 84 86;86;0
03/07/2014 20:00;79;08 19 23 24 27 33 34 36 38 45 52 53 58 65 69 79 81 82 84 90;38;0
05/07/2014 20:00;80;04 05 09 13 15 16 28 29 31 43 45 46 50 51 61 62 63 70 76 86;31;0
08/07/2014 20:00;81;02 07 08 30 33 36 39 41 45 46 47 54 57 59 62 66 67 75 79 86;33;0
10/07/2014 20:00;82;04 07 12 15 16 17 24 28 32 37 38 41 46 47 73 75 76 79 82 89;4;0
12/07/2014 20:00;83;07 08 14 15 17 27 30 45 46 49 55 64 66 73 74 75 80 83 85 87;75;0
15/07/2014 20:00;84;03 04 15 18 20 26 30 31 34 35 44 45 46 53 56 60 71 77 78 79;79;0
17/07/2014 20:00;85;01 10 12 14 18 23 24 27 31 35 36 44 45 51 62 69 77 82 83 85;83;0
19/07/2014 20:00;86;01 07 09 11 14 18 23 26 37 39 40 45 47 49 50 63 66 73 77 78;49;0
22/07/2014 20:00;87;01 06 14 26 27 35 36 37 38 48 49 51 55 60 67 70 71 77 80 89;38;0
24/07/2014 20:00;88;01 07 09 10 13 14 17 19 26 40 51 53 59 61 64 75 79 82 85 90;82;0
26/07/2014 20:00;89;02 06 11 17 19 21 32 34 36 37 50 52 63 69 70 71 72 81 83 86;83;0
29/07/2014 20:00;90;01 03 08 09 19 21 24 27 30 33 34 36 47 53 59 68 75 77 78 83;1;0
31/07/2014 20:00;91;01 11 13 14 19 23 36 39 40 41 45 53 57 66 69 72 73 75 85 89;75;0
03/01/2015 20:00;2;10 18 21 26 29 38 39 42 43 45 49 50 51 60 61 65 77 79 80 83;43;0
07/01/2015 20:00;3;04 07 16 18 20 24 26 31 43 54 55 60 67 68 69 74 82 84 88 90;67;0
08/01/2015 20:00;4;02 05 11 12 16 17 18 20 29 34 40 43 44 61 63 65 70 76 77 86;44;0
10/01/2015 20:00;5;06 11 12 16 22 23 27 30 40 41 46 55 59 61 65 68 73 77 79 86;6;0
13/01/2015 20:00;6;13 14 20 21 26 30 38 41 44 45 50 59 62 63 65 73 74 83 84 89;74;0
15/01/2015 20:00;7;06 10 19 23 25 26 31 32 37 38 46 48 49 56 60 64 65 73 78 85;23;6
17/01/2015 20:00;8;07 09 14 17 20 23 26 30 39 44 48 50 51 52 53 55 59 65 74 80;80;7
20/01/2015 20:00;9;11 19 24 26 28 33 41 47 49 50 52 56 57 60 66 74 77 80 84 87;50;0
22/01/2015 20:00;10;01 05 09 11 16 17 19 28 32 36 49 59 62 64 69 70 71 79 84 85;71;9
24/01/2015 20:00;11;01 06 13 19 21 23 30 34 35 36 39 42 59 61 65 69 73 75 76 77;76;0
27/01/2015 20:00;12;02 04 11 13 18 26 28 29 30 36 39 40 43 47 52 65 66 81 86 89;66;11
29/01/2015 20:00;13;12 23 24 26 29 31 35 36 37 40 46 49 50 54 55 57 64 72 84 86;12;12
31/01/2015 20:00;14;06 16 19 20 27 28 33 36 40 41 44 47 49 52 71 73 80 84 87 90;36;0
03/02/2015 20:00;15;06 10 17 21 24 25 32 37 39 43 45 47 50 52 54 55 59 68 82 90;52;0
05/02/2015 20:00;16;14 25 32 41 44 48 50 51 52 55 56 60 62 67 69 70 75 78 83 85;51;0
07/02/2015 20:00;17;05 08 10 11 13 15 17 23 31 32 33 34 40 44 47 55 67 78 82 89;15;0
10/02/2015 20:00;18;03 05 06 07 10 20 21 39 46 48 53 55 65 66 73 74 75 79 82 88;6;0
12/02/2015 20:00;19;01 13 14 19 39 43 46 47 50 52 53 60 65 68 71 73 75 79 84 89;13;0
14/02/2015 20:00;20;07 08 12 15 17 25 29 34 35 42 45 49 58 59 67 69 70 73 80 84;58;0
17/02/2015 20:00;21;03 05 16 18 24 27 34 36 48 50 53 55 61 63 67 73 74 80 82 89;80;0
19/02/2015 20:00;22;04 06 09 12 13 21 26 28 32 34 39 42 54 60 63 65 66 68 73 80;6;21
21/02/2015 20:00;23;01 04 10 11 20 23 27 29 30 32 39 46 48 49 73 78 79 81 83 87;29;0
24/02/2015 20:00;24;05 09 13 16 20 30 35 37 38 55 57 58 62 63 68 72 73 81 83 84;62;0
26/02/2015 20:00;25;04 05 10 11 17 18 22 23 27 28 31 34 36 58 66 68 75 78 79 80;58;0
28/02/2015 20:00;26;11 23 30 31 33 34 35 37 40 41 42 44 45 52 53 55 64 71 81 88;35;0
03/03/2015 20:00;27;01 04 06 11 19 21 22 26 30 34 43 45 47 51 56 65 67 71 75 90;19;26
05/03/2015 20:00;28;01 03 06 13 17 18 30 31 34 42 53 54 56 63 64 72 75 79 81 90;30;0
07/03/2015 20:00;29;01 07 13 14 26 30 42 43 45 54 55 70 71 72 77 78 81 82 85 86;72;0
10/03/2015 20:00;30;18 27 34 39 42 47 50 52 59 65 67 69 75 77 79 84 86 87 88 89;50;0
12/03/2015 20:00;31;05 08 15 16 17 19 20 25 26 34 39 40 54 59 67 73 75 81 83 90;26;0
14/03/2015 20:00;32;09 18 20 22 26 31 34 44 45 47 53 56 59 63 71 73 77 78 87 90;44;31
17/03/2015 20:00;33;09 11 18 20 26 28 34 36 41 50 52 57 67 69 73 78 80 81 87 88;81;0
19/03/2015 20:00;34;01 08 10 17 24 33 37 38 39 41 46 54 61 65 72 74 76 81 84 90;61;33
21/03/2015 20:00;35;01 06 07 15 28 32 33 39 41 44 51 58 61 63 73 79 80 84 87 88;73;0
24/03/2015 20:00;36;08 09 11 15 18 22 23 31 35 40 45 49 50 51 55 61 64 68 77 88;50;35
26/03/2015 20:00;37;06 11 13 20 23 24 30 34 38 43 45 46 47 53 55 68 73 75 79 82;23;0
28/03/2015 20:00;38;01 06 11 14 26 30 32 34 37 40 42 43 58 60 61 65 72 74 76 84;76;37
31/03/2015 20:00;39;01 09 14 20 29 32 41 43 46 51 53 54 56 58 60 64 73 86 88 89;9;0
02/04/2015 20:00;40;03 17 20 25 28 31 40 41 43 44 49 52 53 59 66 70 71 77 78 90;40;0
04/04/2015 20:00;41;03 04 05 10 17 24 25 29 35 40 45 48 59 60 62 67 74 75 82 89;17;40
07/04/2015 20:00;42;05 06 08 17 22 25 26 32 35 39 40 44 45 50 58 68 70 76 77 78;78;0
09/04/2015 20:00;43;09 13 19 20 21 22 24 27 28 35 36 37 50 54 56 64 73 78 80 90;56;0
11/04/2015 20:00;44;01 03 07 10 11 14 19 21 25 36 37 44 53 70 72 77 78 80 83 85;72;0
14/04/2015 20:00;45;01 05 06 08 10 13 20 22 27 32 44 46 47 50 51 52 55 74 86 90;27;44
16/04/2015 20:00;46;17 24 29 33 35 36 37 41 44 49 51 52 54 66 71 72 75 76 79 85;37;0
18/04/2015 20:00;47;09 11 12 16 28 29 37 38 42 55 57 59 60 61 62 64 67 68 84 88;38;0
21/04/2015 20:00;48;08 14 25 27 36 39 40 41 46 47 48 51 52 54 60 63 69 74 88 90;8;47
23/04/2015 20:00;49;02 14 15 19 21 23 26 28 29 30 35 37 41 42 44 48 53 81 83 84;35;48
27/04/2015 20:00;50;02 14 15 18 20 32 33 35 47 48 51 63 64 70 71 75 78 85 87 90;90;0
28/04/2015 20:00;51;04 10 18 25 30 31 36 38 47 48 53 55 57 58 59 68 73 77 80 84;47;0
30/04/2015 20:00;52;04 09 11 21 23 24 25 38 42 47 56 60 61 68 70 73 76 81 86 87;56;0
02/05/2015 20:00;53;02 04 05 10 11 17 22 30 48 57 61 64 67 73 75 82 83 85 86 89;89;0
05/05/2015 20:00;54;03 04 06 12 18 21 32 33 37 40 43 44 49 52 55 56 61 67 83 85;12;0
07/05/2015 20:00;55;08 10 12 13 15 19 21 23 31 35 39 45 48 51 54 62 71 72 77 79;21;54
09/05/2015 20:00;56;09 11 12 14 15 16 20 28 33 36 38 48 51 57 61 69 74 80 81 90;90;0
12/05/2015 20:00;57;05 15 24 25 26 27 35 39 40 41 42 44 48 61 65 66 70 72 82 87;70;0
14/05/2015 20:00;58;02 05 07 20 30 41 44 46 50 57 58 62 63 69 72 75 76 79 81 84;57;57
16/05/2015 20:00;59;01 12 18 21 28 36 40 47 55 56 59 60 63 65 68 70 71 74 82 89;47;0
19/05/2015 20:00;60;03 04 07 08 12 20 22 23 35 43 45 46 47 48 53 60 66 74 87 90;8;0
21/05/2015 20:00;61;02 03 08 17 19 20 22 27 29 38 44 56 63 64 65 71 72 83 85 88;64;0
23/05/2015 20:00;62;02 07 12 21 24 25 41 46 51 55 57 58 61 69 72 75 76 77 79 87;57;61
26/05/2015 20:00;63;07 17 18 32 34 35 36 42 46 47 50 54 63 64 75 79 84 85 86 90;47;0
28/05/2015 20:00;64;04 08 14 16 17 18 20 21 25 30 35 41 47 49 53 69 70 71 72 86;53;0
30/05/2015 20:00;65;01 05 14 15 23 28 29 30 34 35 38 40 43 44 48 50 58 71 74 78;14;0
03/06/2015 20:00;66;01 02 06 08 24 27 28 29 32 34 37 40 52 55 62 63 69 75 76 88;40;0
04/06/2015 20:00;67;02 09 12 13 14 15 26 27 32 38 39 42 43 46 50 62 66 79 82 88;38;66
06/06/2015 20:00;68;05 09 10 11 19 27 28 31 42 47 52 53 57 58 59 61 66 69 76 77;52;0
09/06/2015 20:00;69;05 06 07 08 10 13 17 20 24 26 33 34 49 58 76 78 82 85 87 90;5;0
11/06/2015 20:00;70;07 10 18 20 23 28 30 36 38 46 47 56 60 62 65 70 73 78 80 82;36;0
13/06/2015 20:00;71;02 04 05 07 15 19 23 27 29 30 31 36 41 43 49 52 54 65 66 82;19;0
16/06/2015 20:00;72;01 04 08 09 10 13 15 18 30 37 40 44 56 63 69 71 76 77 82 89;18;71
18/06/2015 20:00;73;06 07 13 20 22 25 26 28 30 32 36 37 48 53 62 63 66 67 73 79;36;0
20/06/2015 20:00;74;04 08 10 12 13 14 16 18 21 35 36 40 41 43 50 54 60 74 80 86;10;0
23/06/2015 20:00;75;02 04 11 12 14 16 20 25 26 38 44 46 50 54 65 67 69 74 79 86;26;74
25/06/2015 20:00;76;01 03 24 25 29 35 37 38 45 46 47 48 53 56 66 70 72 78 80 86;47;0
27/06/2015 20:00;77;01 04 07 08 15 22 31 40 48 49 51 56 59 63 64 66 72 81 85 87;56;0
30/06/2015 20:00;78;02 03 06 07 15 18 27 38 44 45 54 55 56 63 64 74 76 82 89 90;56;0
02/07/2015 20:00;79;01 08 10 19 21 25 26 33 34 35 38 39 59 60 66 73 74 77 79 81;1;0
04/07/2015 20:00;80;14 16 18 20 25 30 35 39 43 49 52 53 56 57 59 73 76 81 85 88;20;0
07/07/2015 20:00;81;11 15 25 32 33 36 37 38 42 43 56 60 63 64 66 75 76 84 88 90;25;0
09/07/2015 20:00;82;10 11 12 17 20 21 24 25 30 31 35 41 49 52 56 65 73 80 87 88;87;0
11/07/2015 20:00;83;04 06 13 17 18 23 35 41 45 46 50 54 57 58 62 70 73 75 85 88;13;0
14/07/2015 20:00;84;06 09 10 11 15 20 23 26 33 38 45 54 57 76 77 78 79 82 85 86;33;0
16/07/2015 20:00;85;06 07 10 13 26 29 30 31 32 45 53 54 57 58 69 77 78 80 86 89;80;0
18/07/2015 20:00;86;03 06 14 25 38 39 40 41 44 50 51 52 55 56 58 60 67 70 87 89;3;0
21/07/2015 20:00;87;03 08 14 34 39 41 42 46 51 55 59 60 61 65 68 71 74 81 82 88;61;0
23/07/2015 20:00;88;02 08 14 19 20 22 28 31 41 42 49 55 61 65 72 75 81 84 86 87;2;87
25/07/2015 20:00;89;22 26 27 31 35 39 41 46 57 58 61 64 69 73 74 77 78 81 85 88;58;88
28/07/2015 20:00;90;02 04 10 15 17 21 25 33 41 45 61 63 64 65 66 69 76 78 81 82;64;0
30/07/2015 20:00;91;01 03 05 13 15 19 21 24 34 35 37 38 41 49 50 55 56 62 83 87;87;0
05/01/2016 20:00;2;03 13 17 19 21 24 28 34 36 39 41 50 57 58 69 73 76 79 82 89;41;0
07/01/2016 20:00;3;01 14 19 21 25 34 35 49 50 51 53 54 60 61 65 71 73 78 87 90;65;0
09/01/2016 20:00;4;07 10 11 12 15 19 20 29 33 40 43 55 69 74 78 82 84 86 87 89;29;0
12/01/2016 20:00;5;02 03 07 08 16 19 21 23 40 53 56 58 59 61 65 67 72 83 84 85;8;0
14/01/2016 20:00;6;02 11 12 15 18 19 25 31 34 35 41 44 46 51 59 61 65 76 84 86;11;0
16/01/2016 20:00;7;08 10 13 15 16 30 32 34 41 47 56 63 65 66 68 69 73 79 81 84;10;0
19/01/2016 20:00;8;01 03 06 13 16 17 24 26 32 37 42 50 51 54 55 58 67 69 88 90;17;0
21/01/2016 20:00;9;01 05 14 17 18 22 33 35 37 38 42 46 55 57 58 74 79 80 85 90;1;0
23/01/2016 20:00;10;04 10 14 17 23 24 32 33 36 37 52 56 58 61 70 72 85 86 88 89;23;0
26/01/2016 20:00;11;02 06 07 13 15 18 26 33 35 37 44 46 47 48 52 58 68 69 84 86;44;0
28/01/2016 20:00;12;04 06 11 15 16 22 25 29 37 41 44 45 46 47 52 60 73 75 77 87;46;11
30/01/2016 20:00;13;11 13 15 22 27 31 34 39 40 44 45 49 58 59 60 62 63 70 79 82;82;0
02/02/2016 20:00;14;09 20 23 34 36 39 44 46 51 52 56 58 63 70 73 74 76 78 83 89;74;0
04/02/2016 20:00;15;13 18 26 27 28 34 35 36 49 50 55 56 57 61 68 83 86 87 89 90;61;0
06/02/2016 20:00;16;12 19 26 32 33 37 46 53 56 57 59 62 65 66 68 70 74 82 83 87;19;0
09/02/2016 20:00;17;02 03 06 11 12 16 31 35 48 51 52 62 63 68 70 73 79 80 89 90;70;16
11/02/2016 20:00;18;03 07 10 15 16 25 27 38 44 46 48 51 56 58 60 62 64 83 84 90;16;0
13/02/2016 20:00;19;07 10 14 15 16 23 26 27 30 31 32 33 42 46 55 70 71 76 79 84;33;0
16/02/2016 20:00;20;12 14 21 22 26 28 30 45 48 52 54 60 67 75 77 80 81 85 86 90;75;0
18/02/2016 20:00;21;02 08 12 16 19 21 22 31 33 35 41 45 53 56 58 64 65 67 76 90;31;0
20/02/2016 20:00;22;03 04 05 18 29 30 32 39 40 42 48 51 53 56 59 61 65 66 74 82;74;0
23/02/2016 20:00;23;01 03 12 13 20 21 22 28 34 38 40 44 48 58 66 74 79 85 87 90;38;22
25/02/2016 20:00;24;05 06 14 15 23 26 27 32 34 35 42 51 52 54 69 74 75 76 78 82;32;23
27/02/2016 20:00;25;03 05 10 17 30 31 32 43 48 51 53 54 55 56 66 67 69 87 89 90;30;0
01/03/2016 20:00;26;01 05 06 11 15 30 45 47 48 50 55 57 64 67 69 74 78 79 83 85;30;0
03/03/2016 20:00;27;13 15 17 18 22 25 27 29 34 35 46 48 49 53 56 59 61 72 76 79;13;0
05/03/2016 20:00;28;01 12 14 15 32 38 39 40 42 44 47 49 59 62 65 67 69 72 74 85;12;0
08/03/2016 20:00;29;03 07 09 12 15 16 21 23 31 32 35 40 43 44 52 57 77 81 82 85;81;0
10/03/2016 20:00;30;01 02 08 09 11 15 19 27 28 34 38 39 44 49 52 56 60 79 80 82;34;0
12/03/2016 20:00;31;11 14 24 25 26 28 32 36 37 52 53 54 59 69 76 79 81 82 86 89;86;0
15/03/2016 20:00;32;01 02 06 14 26 32 34 39 40 42 43 53 60 62 64 65 69 70 74 78;32;0
17/03/2016 20:00;33;08 10 13 23 26 29 35 36 38 51 62 64 66 69 70 74 76 78 83 90;83;0
19/03/2016 20:00;34;03 05 09 13 19 21 24 34 42 44 46 56 60 66 68 69 73 78 81 87;44;0
22/03/2016 20:00;35;05 12 13 14 21 27 35 44 45 46 47 49 56 65 70 73 74 78 81 87;21;0
24/03/2016 20:00;36;04 05 16 17 23 26 45 46 47 50 52 55 60 63 70 76 80 86 88 90;52;0
26/03/2016 20:00;37;18 21 25 28 32 34 36 43 44 46 50 52 56 57 61 63 69 70 71 88;61;36
29/03/2016 20:00;38;06 10 15 19 20 21 28 47 50 51 53 55 62 71 73 75 76 84 85 89;71;0
31/03/2016 20:00;39;10 12 13 16 21 22 23 26 28 29 37 38 43 59 65 68 71 72 78 79;79;38
02/04/2016 20:00;40;03 06 09 16 19 31 33 38 41 43 47 54 57 64 67 68 79 81 86 89;3;0
05/04/2016 20:00;41;04 09 10 18 20 21 23 29 39 43 52 54 61 62 63 64 71 73 76 81;20;0
07/04/2016 20:00;42;03 08 09 11 12 15 23 24 25 28 29 37 41 44 64 68 76 77 87 88;23;41
09/04/2016 20:00;43;04 07 08 15 22 28 31 38 39 48 51 52 59 64 68 73 74 75 78 85;15;0
12/04/2016 20:00;44;01 12 18 19 30 31 41 42 43 46 48 49 52 54 61 65 71 77 78 82;77;43
14/04/2016 20:00;45;01 02 04 05 07 13 19 21 23 30 33 34 36 42 45 51 67 71 78 88;30;0
16/04/2016 20:00;46;02 04 05 17 25 28 32 38 45 60 61 62 63 64 65 69 70 75 85 88;69;45
19/04/2016 20:00;47;02 03 06 08 20 24 31 36 37 44 48 51 53 62 69 70 76 77 84 90;51;0
21/04/2016 20:00;48;06 07 17 18 22 28 33 34 37 38 42 49 64 65 66 76 78 79 85 88;34;0
23/04/2016 20:00;49;03 06 07 28 35 44 47 49 53 54 55 56 61 64 65 66 72 77 88 90;55;0
26/04/2016 20:00;50;05 06 11 13 17 18 32 39 41 43 52 55 57 61 63 70 71 74 78 89;74;0
28/04/2016 20:00;51;01 02 06 08 11 13 15 19 20 27 37 38 45 47 64 78 80 83 89 90;11;0
30/04/2016 20:00;52;04 08 14 16 21 24 30 31 39 46 49 56 60 64 65 68 70 78 81 89;39;0
03/05/2016 20:00;53;02 06 08 12 18 26 28 29 30 32 38 44 47 49 50 56 64 76 77 90;29;0
05/05/2016 20:00;54;01 03 04 19 20 22 27 30 36 37 43 46 58 66 70 76 84 86 87 90;27;0
07/05/2016 20:00;55;01 02 07 08 15 16 26 28 30 40 45 46 49 53 63 70 73 75 76 80;49;0
10/05/2016 20:00;56;03 10 11 14 20 27 33 35 36 44 53 58 60 67 70 72 74 78 81 85;60;0
12/05/2016 20:00;57;02 03 17 18 21 25 28 30 37 39 43 45 48 62 68 71 72 76 89 90;25;0
14/05/2016 20:00;58;05 08 12 13 17 19 30 32 34 38 39 42 49 56 57 70 71 83 85 86;57;57
17/05/2016 20:00;59;12 16 17 18 22 27 29 32 35 38 42 43 45 48 52 53 81 83 84 86;18;0
19/05/2016 20:00;60;01 02 06 10 14 15 31 38 47 48 50 51 55 57 59 67 69 74 82 87;15;59
21/05/2016 20:00;61;01 02 03 08 09 14 16 23 27 34 41 42 44 54 56 62 64 79 81 85;42;0
24/05/2016 20:00;62;01 03 08 17 27 31 32 34 40 46 48 49 51 61 63 68 71 72 79 89;3;61
26/05/2016 20:00;63;01 09 13 24 25 33 39 41 56 57 61 62 68 69 71 72 74 76 80 86;69;62
28/05/2016 20:00;64;06 07 11 14 18 31 37 40 41 42 48 55 56 57 62 65 80 82 85 86;6;0
31/05/2016 20:00;65;04 05 07 13 15 17 18 19 22 25 31 39 41 54 56 58 60 76 80 89;56;0
03/06/2016 20:00;66;01 07 09 17 19 36 42 44 46 51 53 57 58 60 64 65 67 72 73 74;19;65
04/06/2016 20:00;67;07 11 13 16 20 24 26 30 34 35 38 43 48 56 61 73 80 83 84 88;11;0
07/06/2016 20:00;68;01 05 08 09 12 25 26 31 32 36 38 47 49 68 74 79 80 83 85 88;1;0
09/06/2016 20:00;69;05 11 12 14 26 34 40 42 50 53 55 59 61 62 69 70 74 76 77 83;34;0
11/06/2016 20:00;70;06 08 10 11 16 19 26 29 30 32 34 39 51 54 62 64 76 84 85 86;39;0
14/06/2016 20:00;71;06 07 08 10 12 20 21 24 28 37 42 44 46 54 55 58 62 80 83 85;6;0
16/06/2016 20:00;72;06 07 14 22 26 29 32 33 35 37 39 46 57 66 70 71 74 76 80 85;74;71
18/06/2016 20:00;73;03 08 11 12 17 18 31 35 50 51 58 61 63 67 68 73 76 80 83 86;63;0
21/06/2016 20:00;74;03 06 20 23 28 30 33 38 41 45 48 49 54 56 68 74 76 80 85 87;20;0
23/06/2016 20:00;75;12 17 20 23 25 27 30 35 36 56 57 59 65 68 69 75 77 81 86 90;17;0
25/06/2016 20:00;76;05 07 09 10 12 14 15 34 36 41 42 51 54 62 68 71 79 80 85 86;7;0
28/06/2016 20:00;77;01 03 04 08 12 29 32 42 44 45 46 50 55 58 59 61 72 73 81 89;59;0
30/06/2016 20:00;78;01 04 06 09 28 29 30 33 40 41 44 45 51 55 59 63 69 72 80 89;33;0
02/07/2016 20:00;79;03 08 28 29 32 33 38 42 44 49 55 58 63 67 68 73 75 76 80 81;73;0
05/07/2016 20:00;80;05 08 10 12 13 17 27 29 34 36 41 42 50 54 62 69 75 80 83 88;80;0
07/07/2016 20:00;81;04 09 11 16 18 23 25 26 28 33 37 41 52 55 59 64 70 73 80 87;9;80
09/07/2016 20:00;82;02 04 14 31 37 44 45 48 49 51 53 54 55 58 61 63 66 81 87 88;61;81
12/07/2016 20:00;83;01 05 17 22 31 35 44 47 49 50 51 54 69 70 71 72 73 74 80 90;69;0
14/07/2016 20:00;84;04 06 10 17 19 31 32 48 49 50 51 54 58 64 67 68 71 77 84 86;6;0
16/07/2016 20:00;85;02 07 08 09 13 14 15 26 40 48 52 53 56 65 73 77 79 81 87 89;56;0
19/07/2016 20:00;86;01 10 19 20 25 36 38 41 45 48 50 51 55 57 63 65 66 74 76 86;20;0
21/07/2016 20:00;87;02 09 11 13 21 23 24 26 33 38 45 46 47 55 59 64 69 77 83 89;77;0
23/07/2016 20:00;88;01 15 24 25 31 35 38 42 45 46 48 49 59 66 67 72 73 74 82 90;25;0
26/07/2016 20:00;89;02 03 04 06 24 25 26 31 35 37 40 48 51 65 73 74 78 85 86 89;86;0
28/07/2016 20:00;90;05 10 13 16 32 34 35 43 44 45 51 57 58 67 72 81 82 83 87 88;83;0
30/07/2016 20:00;91;06 09 12 22 23 26 28 29 32 34 39 43 45 51 56 66 79 81 84 88;66;0
05/01/2017 20:00;2;06 08 19 23 27 28 31 33 37 38 41 53 54 56 58 67 74 78 80 89;37;0
07/01/2017 20:00;3;06 07 11 14 22 23 27 39 41 43 46 59 61 64 69 76 77 79 83 86;23;0
10/01/2017 20:00;4;06 09 22 23 26 28 37 39 42 44 49 51 58 66 69 70 71 72 81 83;71;0
12/01/2017 20:00;5;02 09 10 12 16 19 21 30 33 41 49 55 61 62 63 67 74 75 78 88;19;0
14/01/2017 20:00;6;03 05 07 18 21 25 30 35 40 42 47 51 55 57 61 73 78 88 89 90;30;5
17/01/2017 20:00;7;06 12 26 27 35 37 41 46 47 53 57 60 63 66 68 71 75 77 85 86;85;6
19/01/2017 20:00;8;03 06 07 10 12 21 26 31 35 41 44 47 51 67 76 79 80 83 87 90;26;7
21/01/2017 20:00;9;02 19 31 35 36 37 38 39 44 46 48 53 55 56 63 64 72 77 80 81;81;0
24/01/2017 20:00;10;03 09 17 24 27 32 33 44 48 65 66 67 70 74 76 81 83 86 88 90;32;9
26/01/2017 20:00;11;05 07 12 19 25 38 40 46 49 58 61 69 72 75 78 80 84 85 88 89;12;0
28/01/2017 20:00;12;05 08 10 14 17 28 44 47 49 50 53 55 60 68 73 74 76 77 79 87;55;0
31/01/2017 20:00;13;03 08 20 23 25 28 29 31 33 47 50 62 64 65 67 68 73 75 79 82;79;0
02/02/2017 20:00;14;03 08 15 19 20 21 23 25 33 35 42 43 45 48 60 67 69 74 79 89;60;0
04/02/2017 20:00;15;05 06 09 16 25 36 37 39 40 54 57 63 68 69 70 74 76 78 79 81;69;0
07/02/2017 20:00;16;02 03 08 09 13 14 16 18 22 32 35 46 48 50 54 61 74 76 80 81;35;0
09/02/2017 20:00;17;05 06 10 16 22 24 28 40 43 50 53 54 64 69 72 76 78 82 83 88;5;16
11/02/2017 20:00;18;01 02 07 09 12 17 30 32 33 34 35 37 40 41 43 44 59 73 84 88;43;17
14/02/2017 20:00;19;01 04 05 07 13 19 26 36 39 41 45 51 56 59 60 61 73 76 86 90;1;0
16/02/2017 20:00;20;01 06 07 13 19 21 24 28 32 45 50 54 55 56 65 74 80 81 87 88;32;19
18/02/2017 20:00;21;02 15 16 18 20 23 25 28 36 46 47 50 51 55 59 67 69 77 79 84;69;20
21/02/2017 20:00;22;01 03 05 22 29 30 31 35 43 46 57 62 64 66 67 75 79 83 84 89;66;0
23/02/2017 20:00;23;01 04 10 11 27 30 40 42 43 44 45 48 50 60 66 67 75 76 79 88;76;0
25/02/2017 20:00;24;02 07 18 20 23 24 35 40 41 46 51 52 53 54 57 60 68 87 88 89;52;23
28/02/2017 20:00;25;02 07 11 16 19 21 24 26 29 34 42 44 50 55 64 66 76 84 88 89;55;24
02/03/2017 20:00;26;05 13 14 20 22 23 25 26 28 31 34 36 39 40 43 55 63 64 65 74;74;25
04/03/2017 20:00;27;01 02 11 12 17 18 24 25 28 29 32 34 35 36 42 60 65 66 85 88;35;0
07/03/2017 20:00;28;04 12 22 26 27 29 38 42 45 47 48 52 57 58 60 65 72 73 75 83;22;27
09/03/2017 20:00;29;03 08 12 19 22 25 26 27 28 38 39 40 47 62 63 66 81 85 87 88;38;28
11/03/2017 20:00;30;05 08 09 15 16 17 19 28 29 35 37 44 45 51 52 63 65 70 73 90;16;29
14/03/2017 20:00;31;07 09 30 39 49 51 55 57 58 59 65 66 70 71 74 77 82 84 85 90;59;30
16/03/2017 20:00;32;07 08 13 15 16 19 23 38 40 42 44 47 50 53 67 70 74 76 85 86;7;0
18/03/2017 20:00;33;04 12 14 18 21 22 34 37 46 49 50 53 59 67 69 70 74 79 85 88;69;0
21/03/2017 20:00;34;02 07 08 11 15 16 20 22 25 30 47 49 62 64 67 72 74 77 83 88;7;0
23/03/2017 20:00;35;01 07 11 15 28 33 38 39 40 44 46 54 59 60 64 65 67 77 80 82;54;0
25/03/2017 20:00;36;01 05 09 12 14 20 23 27 31 35 36 42 44 51 54 61 74 75 82 87;75;35
28/03/2017 20:00;37;01 02 12 18 29 31 34 47 49 55 57 58 65 70 77 79 80 82 86 90;55;0
30/03/2017 20:00;38;04 06 17 18 25 26 27 29 44 49 54 59 61 62 65 66 67 73 75 78;49;0
01/04/2017 20:00;39;01 06 14 16 18 23 29 31 33 34 36 39 40 42 65 69 72 75 85 89;72;0
04/04/2017 20:00;40;01 09 10 15 18 23 32 34 39 40 42 44 47 59 60 68 69 74 78 81;81;39
06/04/2017 20:00;41;03 04 09 10 11 23 26 27 29 30 32 37 47 48 56 57 59 60 78 80;60;0
08/04/2017 20:00;42;05 06 12 19 21 22 25 29 44 45 47 51 53 61 65 69 70 77 87 89;70;0
11/04/2017 20:00;43;03 04 08 09 12 13 18 20 25 32 40 58 59 60 64 68 75 76 84 88;60;0
13/04/2017 20:00;44;01 03 08 12 16 18 21 22 26 30 32 35 46 50 65 68 69 87 88 90;22;0
15/04/2017 20:00;45;03 04 10 20 27 29 32 40 41 46 47 51 55 60 61 63 73 84 89 90;89;0
18/04/2017 20:00;46;05 26 31 35 37 38 40 44 47 49 51 55 56 57 66 68 69 74 77 84;5;0
20/04/2017 20:00;47;09 16 18 19 28 32 41 48 53 54 59 61 64 69 73 74 79 80 83 86;80;0
22/04/2017 20:00;48;05 08 09 13 22 23 27 28 41 43 45 46 54 57 59 63 66 67 73 74;8;0
26/04/2017 20:00;49;08 10 11 13 14 24 36 38 44 47 53 56 63 64 69 75 76 79 83 89;44;0
27/04/2017 20:00;50;08 10 24 26 28 29 30 34 35 41 45 46 53 55 60 63 66 75 82 86;60;0
29/04/2017 20:00;51;04 05 13 16 30 31 39 40 41 44 49 56 58 65 69 70 72 77 81 90;90;0
02/05/2017 20:00;52;04 05 06 16 17 19 23 26 32 39 44 45 51 67 69 71 79 83 86 89;86;51
04/05/2017 20:00;53;03 11 14 16 20 24 26 37 39 44 47 49 53 54 60 61 70 71 73 87;61;0
06/05/2017 20:00;54;02 12 15 16 17 20 29 31 33 43 47 48 49 51 65 68 80 83 84 87;15;0
09/05/2017 20:00;55;03 05 06 08 14 20 23 28 36 39 45 50 53 55 58 64 65 71 80 82;39;0
11/05/2017 20:00;56;06 07 08 13 17 19 26 37 39 41 48 55 56 57 64 75 77 84 86 87;6;55
13/05/2017 20:00;57;03 10 15 22 30 41 43 44 48 50 59 64 68 69 72 73 77 83 84 87;84;0
16/05/2017 20:00;58;04 09 10 27 31 32 33 38 39 41 42 46 57 60 61 66 70 77 87 89;27;57
18/05/2017 20:00;59;01 04 10 14 16 20 21 27 32 33 39 52 59 60 75 76 79 80 82 89;10;0
20/05/2017 20:00;60;01 08 10 11 14 16 19 33 34 35 37 42 44 52 61 64 70 71 72 76;44;0
23/05/2017 20:00;61;02 04 08 10 14 23 29 30 44 57 61 66 68 71 77 78 81 82 84 90;57;0
25/05/2017 20:00;62;01 09 11 17 25 28 30 32 39 40 41 47 55 57 69 72 79 80 87 88;69;0
27/05/2017 20:00;63;04 10 12 14 16 18 20 29 30 40 42 47 51 53 57 60 61 64 70 73;57;0
30/05/2017 20:00;64;06 12 13 18 28 32 33 36 47 50 54 55 56 57 67 72 74 77 80 83;47;0
01/06/2017 20:00;65;01 02 04 10 11 21 38 40 46 47 49 51 56 61 63 64 66 67 74 89;46;64
03/06/2017 20:00;66;01 06 15 16 25 29 36 39 44 48 53 56 63 71 73 77 78 80 85 89;29;0
06/06/2017 20:00;67;07 08 24 27 33 34 35 37 41 46 53 55 58 62 64 65 70 71 72 82;82;0
08/06/2017 20:00;68;02 05 08 17 26 35 37 38 40 46 53 60 62 63 73 75 80 81 83 89;5;0
10/06/2017 20:00;69;01 09 10 13 27 32 33 35 37 40 42 48 52 56 65 66 78 86 87 89;32;0
13/06/2017 20:00;70;01 09 11 15 17 31 37 42 43 45 47 51 56 58 60 61 62 66 70 74;42;0
15/06/2017 20:00;71;01 03 07 15 16 18 21 26 29 32 35 52 59 61 63 68 76 77 79 89;61;0
17/06/2017 20:00;72;01 02 03 05 17 19 20 25 33 34 35 38 40 42 43 55 62 66 85 89;17;0
20/06/2017 20:00;73;05 08 09 16 17 19 25 27 30 32 38 42 43 45 56 57 59 69 83 87;25;0
22/06/2017 20:00;74;01 04 10 11 15 20 22 24 29 51 52 56 57 63 72 76 81 86 87 89;57;0
24/06/2017 20:00;75;04 09 11 13 27 30 33 37 48 54 62 64 70 73 75 76 81 82 88 89;89;0
27/06/2017 20:00;76;12 13 21 29 30 33 34 38 43 47 49 51 60 65 71 75 80 82 83 85;71;75
29/06/2017 20:00;77;11 18 20 31 35 37 49 53 54 55 57 61 63 64 67 77 79 81 84 88;79;0
01/07/2017 20:00;78;04 19 20 23 27 35 36 39 41 42 53 56 62 66 70 73 75 78 79 89;42;0
04/07/2017 20:00;79;07 19 24 25 29 30 32 34 37 42 44 48 50 52 58 62 72 74 85 89;19;0
06/07/2017 20:00;80;01 02 13 14 22 32 36 40 43 47 48 53 55 60 63 64 75 76 78 88;1;0
08/07/2017 20:00;81;01 11 18 27 28 32 43 56 59 63 64 69 70 72 76 78 79 80 81 85;78;80
11/07/2017 20:00;82;04 05 12 17 21 24 25 28 43 49 50 52 59 62 65 73 76 80 81 83;73;81
13/07/2017 20:00;83;02 14 17 21 31 33 34 40 41 46 47 48 49 57 67 70 71 82 85 88;40;82
15/07/2017 20:00;84;02 05 07 10 11 13 14 28 34 35 36 40 46 56 60 69 71 80 82 88;28;0
18/07/2017 20:00;85;12 14 15 19 25 32 34 42 54 57 65 69 75 77 79 80 82 83 86 87;19;0
20/07/2017 20:00;86;05 08 09 13 14 15 32 36 37 40 48 52 56 57 64 68 79 81 83 84;37;0
22/07/2017 20:00;87;01 12 15 24 26 29 39 41 43 53 55 59 60 66 69 72 73 77 78 85;26;0
25/07/2017 20:00;88;13 15 21 26 27 31 40 46 54 58 59 62 67 74 76 79 82 86 88 89;21;0
27/07/2017 20:00;89;04 05 06 10 16 17 30 32 46 47 49 62 65 66 69 74 76 80 88 89;10;88
29/07/2017 20:00;90;04 07 09 13 20 29 47 48 50 53 59 60 62 72 74 76 79 84 86 90;74;0
01/08/2017 20:00;91;01 05 13 19 20 22 27 35 40 44 45 47 49 58 70 75 76 80 81 86;49;0
03/10/2017 20:00;118;01 03 04 08 10 12 15 18 24 26 29 37 41 49 58 59 60 62 67 89;58;58
05/10/2017 20:00;119;10 21 22 35 38 42 44 45 50 54 55 58 64 65 66 68 69 73 75 78;65;65
07/10/2017 20:00;120;02 07 09 11 13 16 18 20 21 27 31 47 61 64 65 70 72 75 82 87;82;82
10/10/2017 20:00;121;01 10 12 14 18 19 22 29 45 47 52 54 60 66 69 74 75 80 86 88;18;18
12/10/2017 20:00;122;16 18 20 25 29 30 33 48 51 53 54 58 63 69 74 75 82 84 86 87;51;51
14/10/2017 20:00;123;02 03 06 11 25 28 37 38 44 53 54 60 66 68 69 72 77 78 88 89;69;69
17/10/2017 20:00;124;06 11 17 26 32 33 35 45 47 48 61 62 67 71 74 76 80 82 83 87;35;35
19/10/2017 20:00;125;02 05 06 12 14 15 16 22 23 25 27 30 39 44 50 57 63 64 74 85;22;22
21/10/2017 20:00;126;01 04 05 07 13 16 23 31 33 35 37 41 57 59 61 68 80 84 85 86;13;13
24/10/2017 20:00;127;07 08 15 16 21 27 28 31 33 38 40 43 48 50 53 56 65 76 78 89;28;28
26/10/2017 20:00;128;07 11 14 15 16 17 18 20 30 32 44 46 52 64 65 69 70 72 76 90;16;16
28/10/2017 20:00;129;05 07 08 13 22 23 28 30 34 36 41 44 47 51 54 59 60 83 88 89;44;44
31/10/2017 20:00;130;05 19 25 28 29 31 32 33 35 44 45 46 50 54 59 77 81 83 84 90;32;32
02/11/2017 20:00;131;13 24 27 30 35 38 40 47 50 51 57 58 64 65 70 76 78 79 81 90;27;27
04/11/2017 20:00;132;05 08 19 24 25 28 31 32 33 39 44 45 60 63 65 69 75 77 80 82;32;32
07/11/2017 20:00;133;04 07 08 13 21 28 40 41 42 52 53 59 67 68 69 72 78 79 82 89;42;42
09/11/2017 20:00;134;04 07 10 11 13 16 21 29 32 39 51 55 57 58 62 67 70 75 82 84;16;16
11/11/2017 20:00;135;02 04 10 12 13 22 31 40 47 61 62 63 64 66 68 72 75 77 80 87;47;47
14/11/2017 20:00;136;01 04 05 07 08 09 13 30 37 40 43 46 48 49 56 59 60 69 74 88;60;60
16/11/2017 20:00;137;03 04 05 06 08 12 16 21 26 37 38 40 48 66 68 79 80 82 84 86;38;38
18/11/2017 20:00;138;01 04 08 10 12 24 25 27 29 40 55 63 65 67 69 73 79 84 86 89;55;55
21/11/2017 20:00;139;02 03 05 11 23 29 31 34 36 43 47 50 56 60 68 69 77 78 85 89;56;56
23/11/2017 20:00;140;01 09 16 23 29 30 47 50 55 61 62 63 67 68 71 73 80 82 86 89;71;71
25/11/2017 20:00;141;01 04 06 08 12 13 14 26 38 53 56 61 62 69 72 81 83 84 85 88;14;14
28/11/2017 20:00;142;05 19 26 28 30 34 35 40 42 43 44 48 53 55 57 62 65 81 83 84;26;26
30/11/2017 20:00;143;05 11 13 17 18 22 34 48 58 59 63 64 66 67 68 79 80 83 86 90;17;17
02/12/2017 20:00;144;03 06 07 09 13 20 23 28 30 39 41 44 45 52 67 72 74 75 80 88;75;75
05/12/2017 20:00;145;14 16 18 21 26 27 28 37 38 40 42 51 54 58 60 63 66 73 74 84;27;27
07/12/2017 20:00;146;12 15 20 24 30 32 36 37 42 43 47 49 53 54 58 64 69 78 86 90;42;42
09/12/2017 20:00;147;01 03 04 16 20 24 30 34 37 41 47 48 65 68 69 72 77 81 88 89;65;65
12/12/2017 20:00;148;05 06 11 12 15 19 22 24 25 30 32 36 38 41 49 55 56 64 70 82;24;24
14/12/2017 20:00;149;11 12 16 17 19 21 22 23 28 31 33 45 51 53 55 58 81 84 85 86;84;84
16/12/2017 20:00;150;01 05 06 13 17 28 32 34 37 42 47 48 50 52 55 57 63 68 73 76;17;17
19/12/2017 20:00;151;03 10 14 15 17 26 33 35 45 47 49 52 55 70 72 74 77 82 86 88;55;55
21/12/2017 20:00;152;03 06 08 18 28 30 39 41 44 51 53 59 61 68 70 73 74 83 84 88;73;73
23/12/2017 20:00;153;01 03 04 05 07 08 14 16 21 24 25 31 48 50 63 70 76 81 84 85;85;85
27/12/2017 20:00;154;06 08 10 14 17 28 31 40 42 49 52 54 69 73 76 85 86 88 89 90;17;17
28/12/2017 20:00;155;03 08 15 16 21 24 30 33 35 40 47 49 52 55 60 61 72 79 81 87;52;52
30/12/2017 20:00;156;11 17 22 29 33 36 39 41 42 50 54 58 62 63 66 71 75 83 84 87;75;75
02/01/2018 20:00;1;02 06 07 10 14 21 29 32 36 41 42 45 56 58 60 73 75 76 83 84;41;41
04/01/2018 20:00;2;03 06 17 19 30 32 34 44 50 51 52 55 59 63 74 75 82 83 86 89;30;30
08/01/2018 20:00;3;04 09 19 27 33 37 39 44 51 54 55 65 74 75 80 83 87 88 89 90;55;55
09/01/2018 20:00;4;02 08 15 24 28 30 31 33 34 37 41 63 66 67 68 72 80 81 83 84;37;37
11/01/2018 20:00;5;05 10 14 15 18 23 26 32 43 49 52 53 55 57 59 70 77 79 80 89;43;43
13/01/2018 20:00;6;03 07 08 22 25 33 36 43 47 54 58 60 61 62 65 73 76 79 80 89;36;36
16/01/2018 20:00;7;01 09 10 15 23 32 34 36 38 39 42 48 50 53 54 55 56 60 64 76;76;76
18/01/2018 20:00;8;01 04 06 07 10 14 15 19 30 41 51 55 58 63 70 72 75 81 82 90;51;51
20/01/2018 20:00;9;09 19 21 23 24 27 29 31 35 38 40 41 43 53 63 68 75 85 87 88;24;24
23/01/2018 20:00;10;01 03 05 08 09 16 27 30 31 35 40 42 49 55 58 65 68 73 76 77;40;40
25/01/2018 20:00;11;02 07 08 16 19 21 31 38 46 48 50 55 56 58 67 70 74 81 86 89;38;38
27/01/2018 20:00;12;04 06 11 22 25 29 36 39 40 42 47 57 66 67 73 76 79 81 84 85;11;11
30/01/2018 20:00;13;02 03 09 19 24 28 35 37 42 43 47 55 62 64 65 66 74 81 86 88;24;24
01/02/2018 20:00;14;01 04 08 25 26 39 45 52 53 54 55 58 62 65 70 76 78 79 83 84;62;62
03/02/2018 20:00;15;03 09 13 22 26 28 39 40 42 45 50 59 60 62 72 74 80 82 84 86;59;59
06/02/2018 20:00;16;01 10 16 17 23 29 33 36 37 41 52 56 57 66 69 74 81 83 86 90;83;83
08/02/2018 20:00;17;15 17 20 25 26 33 35 39 40 41 47 48 57 60 61 70 76 77 80 86;60;60
10/02/2018 20:00;18;08 15 16 20 23 34 35 39 48 52 57 60 69 71 72 80 82 86 88 90;8;8
13/02/2018 20:00;19;09 14 15 20 30 32 34 35 36 43 48 49 50 52 54 61 64 65 76 80;43;43
15/02/2018 20:00;20;01 02 11 14 18 19 26 28 29 35 41 45 52 55 56 57 66 71 82 85;1;1
17/02/2018 20:00;21;06 07 09 15 17 22 28 33 35 38 41 45 46 53 54 56 63 71 74 85;63;63
20/02/2018 20:00;22;03 05 06 11 16 18 21 28 30 32 33 39 42 49 50 65 69 83 84 90;5;5
22/02/2018 20:00;23;01 03 07 14 17 23 24 31 35 45 48 51 52 53 55 57 63 71 79 88;14;14
24/02/2018 20:00;24;12 13 14 15 18 21 27 33 39 47 52 53 54 62 66 68 70 79 80 89;27;27
27/02/2018 20:00;25;03 06 07 20 30 33 37 42 43 48 49 52 56 57 58 71 74 80 83 89;57;57
01/03/2018 20:00;26;07 12 21 24 25 31 34 38 54 55 57 63 66 67 68 70 71 72 74 79;70;70
03/03/2018 20:00;27;04 06 09 11 17 22 23 38 39 40 41 45 50 52 56 66 70 74 78 90;9;9
06/03/2018 20:00;28;01 06 09 10 12 14 17 20 25 29 35 44 47 54 58 64 71 79 83 89;83;83
08/03/2018 20:00;29;05 07 22 26 27 33 38 44 46 47 50 51 54 65 69 82 83 84 85 87;54;54
10/03/2018 20:00;30;03 13 15 16 23 24 27 31 37 38 49 51 52 59 60 75 79 80 83 88;83;83
13/03/2018 20:00;31;06 07 12 16 22 27 32 34 38 39 40 46 48 54 57 62 67 68 83 89;39;39
15/03/2018 20:00;32;02 04 06 07 14 16 22 24 36 47 55 61 62 64 66 73 75 80 81 82;24;24
17/03/2018 20:00;33;01 02 05 06 13 15 17 18 28 31 38 40 47 48 55 56 57 60 68 84;47;47
20/03/2018 20:00;34;02 06 10 15 22 30 41 43 50 64 69 70 71 72 74 76 78 80 88 90;90;90
22/03/2018 20:00;35;03 09 10 14 17 19 20 23 28 33 35 40 43 53 56 62 65 75 81 89;10;10
24/03/2018 20:00;36;03 12 16 17 25 27 34 39 47 49 55 56 62 64 67 68 70 74 81 84;12;12
27/03/2018 20:00;37;10 16 18 26 36 42 44 48 51 52 63 65 70 71 75 76 77 79 87 90;65;65
29/03/2018 20:00;38;03 05 07 11 13 16 20 37 38 42 45 47 53 64 66 69 77 83 89 90;20;20
31/03/2018 20:00;39;01 02 10 11 13 16 17 19 30 39 42 51 55 66 67 72 73 76 85 89;17;17
03/04/2018 20:00;40;04 06 07 10 12 17 18 20 22 23 28 31 37 46 54 58 67 73 75 90;4;4
05/04/2018 20:00;41;04 06 08 18 24 35 36 37 44 46 51 53 57 60 64 66 75 79 83 84;66;66
07/04/2018 20:00;42;01 04 07 10 13 15 18 19 23 25 33 49 51 52 58 61 63 68 82 87;82;82
10/04/2018 20:00;43;06 12 26 29 35 41 47 52 55 58 59 64 65 66 69 73 74 75 84 86;35;35
12/04/2018 20:00;44;03 06 11 26 29 42 46 48 49 51 58 66 67 68 70 73 76 84 87 90;58;58
14/04/2018 20:00;45;13 14 16 20 25 33 41 43 44 46 49 60 68 73 77 81 84 87 88 90;16;16
17/04/2018 20:00;46;02 09 10 12 29 30 34 35 36 46 49 53 57 58 64 66 67 70 82 89;64;64
19/04/2018 20:00;47;07 10 12 16 22 28 33 34 37 45 51 52 54 58 64 69 73 76 77 79;52;52
21/04/2018 20:00;48;03 12 20 23 29 32 40 43 45 49 54 59 66 69 72 77 80 84 87 88;54;54
24/04/2018 20:00;49;06 07 11 12 13 15 23 25 30 36 38 45 49 57 61 70 84 86 89 90;36;36
26/04/2018 20:00;50;01 02 03 08 09 11 17 19 23 25 26 28 42 49 69 71 80 83 84 90;83;83
28/04/2018 20:00;51;05 06 11 14 22 30 35 39 44 49 52 62 66 70 73 77 78 79 80 86;78;78
02/05/2018 20:00;52;05 11 14 17 26 35 42 43 45 47 49 55 59 62 79 82 85 87 88 89;42;42
03/05/2018 20:00;53;05 09 12 15 18 19 20 34 36 52 59 63 65 67 75 77 79 82 85 87;15;15
05/05/2018 20:00;54;11 12 13 15 17 20 22 29 35 36 54 55 56 61 65 67 69 70 72 85;55;55
08/05/2018 20:00;55;02 19 32 33 38 42 44 53 54 57 58 60 62 67 72 78 82 85 87 90;60;60
10/05/2018 20:00;56;03 10 12 24 28 32 35 40 50 52 54 60 61 63 68 72 73 87 88 89;87;87
12/05/2018 20:00;57;01 02 04 12 13 15 17 18 19 23 34 38 43 44 47 56 61 65 74 83;34;34
15/05/2018 20:00;58;02 04 09 12 20 23 28 29 30 31 33 37 47 50 57 62 66 72 85 90;33;33
17/05/2018 20:00;59;04 05 08 13 15 17 25 30 32 37 39 46 47 50 54 60 62 67 85 90;13;13
19/05/2018 20:00;60;02 16 21 30 35 37 40 46 48 53 55 59 64 65 66 72 75 77 78 86;30;30
22/05/2018 20:00;61;04 09 12 13 15 21 24 25 29 31 32 33 36 46 50 53 55 72 84 87;84;84
24/05/2018 20:00;62;09 12 17 27 35 38 39 42 44 48 52 56 57 63 65 70 79 82 87 88;65;65
26/05/2018 20:00;63;03 19 20 23 29 34 36 38 42 57 58 63 65 67 71 72 76 88 89 90;38;38
29/05/2018 20:00;64;01 02 21 25 29 34 35 40 42 44 46 49 52 56 59 79 80 82 84 89;89;89
31/05/2018 20:00;65;15 20 25 26 28 30 36 40 43 44 48 49 52 61 62 63 72 80 86 90;48;48
04/06/2018 20:00;66;01 03 06 15 28 31 34 38 39 44 48 50 51 55 64 68 69 73 85 87;68;68
05/06/2018 20:00;67;02 08 15 18 25 30 31 41 45 47 50 51 53 60 62 65 66 67 86 90;67;67
07/06/2018 20:00;68;04 12 15 17 23 27 31 34 39 44 48 51 54 55 64 72 76 78 82 85;17;17
09/06/2018 20:00;69;02 13 15 16 25 29 30 31 32 36 41 43 48 52 53 55 64 75 82 88;30;30
12/06/2018 20:00;70;06 07 11 12 13 18 24 27 32 43 44 45 53 55 57 59 63 75 77 80;7;7
14/06/2018 20:00;71;22 24 27 30 31 35 38 43 45 47 51 52 53 54 55 59 63 65 82 88;82;82
16/06/2018 20:00;72;02 08 13 21 25 28 37 40 42 43 48 50 51 52 55 62 64 68 77 87;28;28
19/06/2018 20:00;73;08 11 13 20 22 25 26 31 36 39 42 55 56 58 59 61 76 77 79 84;20;20
21/06/2018 20:00;74;01 05 07 14 19 20 23 26 29 32 36 40 44 50 53 64 68 74 79 83;5;5
23/06/2018 20:00;75;04 12 14 15 17 31 33 37 44 46 47 50 57 59 70 74 76 83 84 86;31;31
26/06/2018 20:00;76;04 14 15 16 23 25 28 30 42 44 45 54 55 58 61 62 66 72 83 85;30;30
28/06/2018 20:00;77;01 06 10 17 22 34 36 39 51 55 57 60 66 68 70 72 76 84 88 90;22;22
30/06/2018 20:00;78;03 06 07 10 19 23 27 30 36 46 52 54 57 66 67 70 76 81 83 84;10;10
03/07/2018 20:00;79;05 13 15 26 29 30 54 55 58 59 60 63 66 72 78 79 84 85 87 90;78;78
05/07/2018 20:00;80;04 05 06 07 10 15 17 22 28 31 33 38 42 43 50 54 60 63 72 77;54;54
07/07/2018 20:00;81;14 15 28 30 34 35 37 46 48 49 50 56 64 65 68 72 76 77 87 88;50;50
10/07/2018 20:00;82;07 14 19 24 29 30 31 37 38 39 57 60 62 66 74 77 79 80 85 89;60;60
12/07/2018 20:00;83;01 07 14 15 31 32 37 40 46 49 51 55 57 58 66 68 74 79 86 87;32;32
14/07/2018 20:00;84;03 07 21 32 41 48 49 52 53 62 66 72 78 79 83 84 86 87 88 90;84;84
17/07/2018 20:00;85;01 03 09 11 14 15 25 29 30 33 43 49 63 65 73 75 76 77 81 88;63;63
19/07/2018 20:00;86;02 03 04 06 14 16 20 21 27 40 47 53 56 58 60 69 73 75 77 87;20;20
21/07/2018 20:00;87;01 19 22 35 37 38 43 45 50 55 63 66 73 74 77 81 82 83 85 88;50;50
24/07/2018 20:00;88;02 05 08 13 14 17 18 22 28 44 50 54 57 58 59 63 66 74 83 84;14;14
26/07/2018 20:00;89;16 27 30 33 40 48 50 51 53 56 58 61 65 67 69 71 79 87 88 90;69;69
28/07/2018 20:00;90;02 04 10 14 21 25 38 40 42 50 53 58 63 69 71 75 78 81 85 88;40;40
31/07/2018 20:00;91;01 03 06 09 19 22 29 33 37 38 39 41 45 47 48 54 64 70 77 89;9;9
02/08/2018 20:00;92;01 04 06 07 11 15 19 22 23 30 31 42 44 51 54 58 70 74 77 78;44;44
04/08/2018 20:00;93;03 04 10 15 17 19 20 21 22 24 34 40 41 44 49 51 52 61 69 83;83;83
07/08/2018 20:00;94;03 06 16 18 24 25 28 30 33 35 38 43 44 45 52 57 69 77 80 85;69;69
09/08/2018 20:00;95;03 04 06 08 11 17 19 20 21 23 24 28 34 36 38 42 48 60 76 81;34;34
11/08/2018 20:00;96;10 11 14 15 16 23 27 28 42 46 53 54 63 64 69 72 76 79 81 88;54;54
14/08/2018 20:00;97;07 08 10 11 13 23 30 31 39 40 46 53 55 59 71 74 84 87 89 90;10;10
16/08/2018 20:00;98;07 15 16 18 20 24 32 38 47 48 55 58 60 64 67 71 77 86 88 90;90;90
18/08/2018 20:00;99;03 08 11 13 23 24 26 29 33 34 40 42 43 47 53 63 71 76 83 88;40;40
21/08/2018 20:00;100;03 06 20 21 25 30 32 35 39 42 45 49 50 54 60 62 77 79 81 87;45;45
23/08/2018 20:00;101;04 05 06 10 14 15 19 21 25 37 40 44 52 57 59 61 72 80 86 89;89;89
25/08/2018 20:00;102;02 04 09 13 14 16 20 23 25 26 27 29 38 45 46 48 50 57 61 76;76;76
28/08/2018 20:00;103;04 05 09 12 36 37 40 47 52 57 58 59 63 71 76 77 78 80 81 85;57;57
30/08/2018 20:00;104;04 05 09 13 18 21 24 36 46 51 59 60 62 64 65 66 70 76 85 89;18;18
01/09/2018 20:00;105;13 16 21 22 25 28 31 33 36 51 52 54 57 58 60 62 64 75 84 88;54;54
04/09/2018 20:00;106;01 02 03 07 11 12 14 19 20 48 49 50 56 63 68 69 73 74 78 80;2;2
06/09/2018 20:00;107;04 05 11 13 14 15 17 21 22 30 36 41 47 54 58 65 73 74 80 85;85;85
08/09/2018 20:00;108;05 07 08 12 14 20 21 22 25 28 30 34 49 53 57 69 72 80 86 87;20;20
11/09/2018 20:00;109;01 02 05 06 08 15 21 25 27 44 45 47 64 67 68 71 76 77 79 87;15;15
13/09/2018 20:00;110;03 06 09 13 15 16 19 23 31 37 46 63 65 71 73 74 85 86 89 90;89;89
15/09/2018 20:00;111;10 15 18 20 22 24 29 31 32 34 41 44 45 51 59 68 71 77 78 83;24;24
18/09/2018 20:00;112;05 10 17 25 27 33 35 44 47 49 51 61 62 70 72 73 77 80 89 90;70;70
20/09/2018 20:00;113;06 07 08 13 18 34 36 37 42 43 44 55 56 58 59 63 78 81 84 88;6;6
22/09/2018 20:00;114;01 04 06 09 10 14 15 28 31 42 43 52 53 54 55 65 67 83 85 88;54;54
25/09/2018 20:00;115;01 05 10 12 16 17 27 33 42 48 56 61 64 67 72 73 75 80 88 89;75;75
27/09/2018 20:00;116;07 11 18 22 30 34 37 40 46 47 52 57 58 59 60 64 74 85 87 90;7;7
29/09/2018 20:00;117;01 03 07 14 19 22 26 29 33 37 38 51 52 59 61 63 68 75 77 79;59;59
02/10/2018 20:00;118;08 13 17 20 23 27 28 35 39 40 41 43 47 55 57 64 70 80 81 90;39;39
04/10/2018 20:00;119;01 09 10 12 15 16 17 19 22 23 27 34 38 59 71 77 78 85 88 90;77;77
06/10/2018 20:00;120;02 15 17 19 37 38 39 43 47 49 50 51 59 77 78 79 80 82 85 88;19;19
09/10/2018 20:00;121;01 02 03 06 09 14 16 18 19 29 30 33 34 35 45 53 56 57 64 81;19;19
11/10/2018 20:00;122;04 08 18 19 21 34 44 54 56 62 66 71 72 73 74 75 76 80 83 84;74;74
13/10/2018 20:00;123;01 03 04 08 09 15 36 37 41 53 62 67 70 73 75 80 81 84 89 90;53;53
16/10/2018 20:00;124;01 06 21 23 24 29 30 37 38 41 42 46 50 56 59 69 71 77 81 88;21;21
18/10/2018 20:00;125;08 12 14 21 23 31 36 39 43 45 47 48 60 65 69 73 75 85 88 89;73;73
20/10/2018 20:00;126;06 17 18 19 20 21 22 25 33 47 51 56 58 59 63 76 79 82 83 89;63;63
23/10/2018 20:00;127;09 13 15 16 18 23 29 37 39 42 44 45 49 51 52 57 60 64 82 90;37;37
25/10/2018 20:00;128;01 03 06 07 14 21 24 31 34 40 41 47 48 54 67 70 80 84 87 90;34;34
27/10/2018 20:00;129;01 12 16 21 22 24 30 33 44 49 56 63 64 67 69 70 71 78 84 85;70;70
30/10/2018 20:00;130;03 04 06 16 17 18 23 31 40 45 47 50 52 53 55 65 72 79 85 90;85;85
02/11/2018 20:00;131;02 11 24 27 33 35 43 48 52 59 60 61 62 63 69 72 73 78 81 86;63;63
03/11/2018 20:00;132;06 09 20 21 26 31 48 49 50 58 63 72 74 75 77 78 81 83 89 90;83;83
06/11/2018 20:00;133;08 16 17 30 32 37 41 42 45 47 64 71 72 74 75 76 79 80 81 85;47;47
08/11/2018 20:00;134;01 02 03 05 07 12 27 29 33 50 51 52 53 57 58 67 70 76 81 86;33;33
10/11/2018 20:00;135;04 05 06 24 31 36 41 48 50 51 58 59 61 66 73 78 81 86 89 90;59;59
13/11/2018 20:00;136;06 07 08 10 11 13 15 18 20 21 28 29 41 43 45 49 62 81 82 87;62;62
15/11/2018 20:00;137;08 11 12 13 18 20 26 32 33 43 46 47 70 77 78 82 83 85 86 89;33;33
17/11/2018 20:00;138;02 05 06 07 09 10 23 31 33 36 38 44 55 56 59 61 62 74 79 83;7;7
20/11/2018 20:00;139;02 09 14 17 28 32 35 37 38 40 42 48 52 59 65 68 69 77 84 90;28;28
22/11/2018 20:00;140;01 06 09 16 17 21 22 26 28 29 40 45 51 53 56 62 65 87 88 89;9;9
24/11/2018 20:00;141;06 07 09 12 16 19 23 29 31 37 49 52 54 55 57 59 62 70 81 82;37;37
27/11/2018 20:00;142;03 05 07 12 15 21 23 27 30 35 36 38 40 44 53 61 63 78 79 81;78;78
29/11/2018 20:00;143;01 09 10 16 25 27 31 35 38 45 46 59 66 69 70 71 74 81 82 85;38;38
01/12/2018 20:00;144;03 05 07 11 14 21 22 23 25 27 29 32 51 53 57 58 60 85 87 88;58;58
04/12/2018 20:00;145;01 02 05 10 15 20 24 26 28 33 46 48 59 60 61 69 73 81 82 90;24;24
06/12/2018 20:00;146;07 11 12 17 21 29 33 35 42 51 59 60 62 63 67 74 81 85 87 89;51;51
10/12/2018 20:00;147;10 11 14 16 21 32 33 46 49 56 58 60 62 63 65 74 82 86 87 89;32;32
11/12/2018 20:00;148;03 07 16 24 28 38 47 54 55 58 61 66 69 72 73 74 78 81 84 85;3;3
13/12/2018 20:00;149;01 02 04 19 21 23 30 31 34 35 41 50 53 63 64 69 79 81 86 88;4;4
15/12/2018 20:00;150;03 16 20 24 27 29 34 43 44 45 49 55 60 62 65 67 75 77 85 89;34;34
18/12/2018 20:00;151;01 09 13 15 18 23 27 30 33 34 38 52 53 66 80 81 82 86 88 89;66;66
20/12/2018 20:00;152;06 07 10 34 42 46 50 51 54 59 60 63 72 74 77 78 79 80 89 90;72;72
22/12/2018 20:00;153;01 02 03 06 15 17 31 33 34 36 38 47 52 54 68 71 72 77 80 81;33;33
24/12/2018 20:00;154;01 05 06 10 15 17 18 19 20 29 42 44 54 72 75 78 80 81 87 88;15;15
27/12/2018 20:00;155;01 02 09 11 21 22 36 45 50 51 55 56 59 61 68 71 72 78 81 86;45;45
29/12/2018 20:00;156;05 10 11 12 13 20 28 31 42 46 55 56 65 67 69 74 85 87 88 89;10;10
02/01/2019 20:00;1;01 03 08 16 21 22 28 29 46 48 51 53 54 56 64 65 66 68 73 74;48;48
03/01/2019 20:00;2;03 09 14 16 18 19 20 23 37 41 47 49 50 56 60 63 68 73 82 85;49;49
05/01/2019 20:00;3;01 07 10 18 22 24 26 30 32 37 38 53 55 56 69 71 78 79 83 88;1;1
08/01/2019 20:00;4;04 07 08 09 13 21 27 28 31 32 39 44 45 48 54 59 83 88 89 90;21;21
10/01/2019 20:00;5;01 03 04 05 07 10 22 23 25 26 31 38 39 45 50 55 71 73 75 87;71;71
12/01/2019 20:00;6;04 15 16 18 25 26 38 42 47 51 56 60 63 69 70 73 75 86 87 90;38;38
15/01/2019 20:00;7;04 09 10 11 18 24 26 27 37 43 56 57 65 66 67 70 73 77 82 88;77;77
17/01/2019 20:00;8;01 06 12 19 22 24 26 27 41 43 49 58 66 71 72 76 79 83 85 90;1;1
19/01/2019 20:00;9;04 05 09 11 18 19 20 22 33 41 46 47 51 53 55 62 63 80 82 87;80;80
22/01/2019 20:00;10;02 05 09 14 23 24 40 43 48 54 63 71 72 74 77 78 80 81 83 90;72;72
24/01/2019 20:00;11;04 07 12 14 15 23 27 34 36 41 54 55 58 64 70 71 72 73 77 84;64;64
26/01/2019 20:00;12;15 19 20 25 26 27 31 33 34 36 43 45 48 50 61 63 67 75 77 78;78;78
29/01/2019 20:00;13;07 14 23 25 26 31 34 38 44 48 49 57 63 67 69 70 74 75 85 88;31;31
31/01/2019 20:00;14;01 04 08 12 22 23 30 31 44 46 56 60 67 71 76 79 80 81 87 89;23;23
02/02/2019 20:00;15;03 05 06 13 17 31 32 40 42 50 51 52 56 58 63 68 74 83 88 90;42;42
05/02/2019 20:00;16;15 20 23 25 29 36 39 40 45 50 54 60 62 63 69 70 75 86 88 90;63;63
07/02/2019 20:00;17;01 04 06 12 13 16 19 23 26 28 30 32 36 40 65 69 74 81 87 90;6;6
09/02/2019 20:00;18;04 06 08 09 10 47 50 51 52 57 58 59 60 63 68 75 78 79 83 84;84;84
12/02/2019 20:00;19;01 04 09 17 29 31 32 36 41 44 46 49 52 62 63 70 77 78 83 86;83;83
14/02/2019 20:00;20;03 04 05 11 22 26 27 30 31 37 40 41 43 47 63 67 73 76 82 86;76;76
16/02/2019 20:00;21;13 15 17 21 24 28 29 32 36 42 48 54 63 64 65 66 73 75 82 86;28;28
19/02/2019 20:00;22;01 03 06 12 26 28 29 31 34 42 43 52 54 59 61 62 65 71 73 82;42;42
21/02/2019 20:00;23;01 03 11 15 22 28 29 31 32 44 48 54 58 62 63 66 67 69 80 83;1;1
23/02/2019 20:00;24;02 14 19 24 28 29 31 33 42 44 51 57 61 63 65 72 78 83 85 90;83;83
26/02/2019 20:00;25;06 07 13 16 20 21 25 33 36 38 41 47 48 51 60 65 67 70 74 76;47;47
28/02/2019 20:00;26;03 08 09 17 31 34 37 38 43 44 47 52 54 57 66 73 76 80 85 90;3;3
02/03/2019 20:00;27;04 05 09 11 15 16 18 19 23 26 27 33 36 54 66 73 77 79 81 90;79;79
05/03/2019 20:00;28;02 08 10 11 13 28 36 46 50 53 55 56 69 70 72 74 79 81 85 90;50;50
07/03/2019 20:00;29;08 18 23 28 32 33 35 36 37 51 54 59 69 73 78 82 84 87 88 89;88;88
09/03/2019 20:00;30;01 03 08 09 10 11 18 23 30 36 47 48 54 57 59 67 68 70 75 80;23;23
12/03/2019 20:00;31;02 10 17 21 22 26 30 34 35 39 49 50 51 66 75 78 83 84 89 90;17;17
14/03/2019 20:00;32;04 05 09 17 19 29 30 31 33 48 49 56 57 61 62 72 78 82 85 90;49;49
16/03/2019 20:00;33;03 10 12 18 21 26 30 38 40 54 56 66 69 77 79 85 86 87 89 90;69;69
19/03/2019 20:00;34;02 03 04 08 26 29 38 39 42 45 56 57 60 63 64 66 70 72 75 78;66;66
21/03/2019 20:00;35;07 09 10 15 19 21 25 26 29 31 36 50 57 59 60 68 72 81 83 88;60;60
23/03/2019 20:00;36;01 03 05 10 11 12 17 28 29 32 33 55 58 60 61 62 64 75 80 86;58;58
26/03/2019 20:00;37;05 08 12 16 24 25 27 38 39 47 49 55 60 61 68 70 71 81 85 90;8;8
28/03/2019 20:00;38;06 08 14 18 20 26 30 34 37 42 48 61 63 64 69 72 73 74 78 88;73;73
30/03/2019 20:00;39;03 06 12 14 15 20 24 25 26 27 34 49 55 60 63 75 77 84 85 89;34;34
02/04/2019 20:00;40;16 18 24 28 30 32 34 38 43 48 58 62 71 77 80 81 83 86 87 89;81;81
04/04/2019 20:00;41;10 16 17 19 28 29 30 35 48 50 51 53 56 59 64 70 74 78 80 83;83;83
06/04/2019 20:00;42;01 03 07 11 24 30 31 33 35 37 42 47 49 56 69 73 74 75 78 83;75;75
09/04/2019 20:00;43;04 14 21 30 34 35 36 39 40 42 45 48 56 58 60 64 67 69 78 82;14;14
11/04/2019 20:00;44;01 11 15 17 18 35 36 42 44 48 54 55 56 65 66 69 74 77 82 85;85;85
13/04/2019 20:00;45;01 05 09 13 24 32 33 34 37 38 49 52 56 60 61 63 65 82 83 86;9;9
16/04/2019 20:00;46;01 11 17 18 19 21 26 31 36 43 45 47 55 56 58 70 75 79 81 83;45;45
18/04/2019 20:00;47;05 10 13 18 20 21 24 35 40 42 48 53 56 57 63 70 75 81 85 86;40;40
20/04/2019 20:00;48;04 13 14 24 31 35 37 39 40 44 45 46 52 63 65 68 69 82 83 87;63;63
23/04/2019 20:00;49;03 05 14 20 30 31 34 39 40 44 48 49 51 55 56 61 63 71 87 89;5;5
26/04/2019 20:00;50;03 04 05 12 14 16 20 29 34 39 43 46 48 50 62 63 73 77 86 89;5;5
27/04/2019 20:00;51;08 11 19 26 34 37 40 43 46 49 50 52 54 60 61 65 70 71 81 86;86;86
30/04/2019 20:00;52;01 04 09 12 22 24 28 30 47 49 51 63 64 66 69 78 84 85 87 89;78;78
02/05/2019 20:00;53;02 07 21 24 28 29 42 44 45 48 59 60 65 66 72 73 74 81 84 89;84;84
04/05/2019 20:00;54;05 22 24 25 26 30 32 35 46 50 53 55 60 61 68 81 83 86 87 89;22;22
07/05/2019 20:00;55;01 20 25 28 33 40 46 48 56 59 64 65 67 75 76 77 79 81 85 87;75;75
09/05/2019 20:00;56;03 07 14 17 20 25 32 42 50 54 61 69 75 76 78 79 80 87 89 90;25;25
11/05/2019 20:00;57;01 08 09 17 21 29 32 36 39 41 54 56 63 64 76 79 82 85 88 90;63;63
14/05/2019 20:00;58;02 13 16 25 29 36 38 39 46 47 48 49 59 61 70 72 77 78 80 89;46;46
16/05/2019 20:00;59;01 03 04 10 12 14 16 18 19 26 28 32 36 39 43 44 60 67 70 81;18;18
18/05/2019 20:00;60;01 06 11 15 16 23 25 28 29 30 35 45 52 55 56 62 65 72 84 88;30;30
21/05/2019 20:00;61;02 04 11 12 19 23 41 43 44 48 49 54 55 57 58 68 69 70 80 84;41;41
23/05/2019 20:00;62;04 09 13 29 38 39 42 44 46 48 51 54 59 61 71 74 79 84 88 90;13;13
25/05/2019 20:00;63;04 07 09 10 16 19 28 37 38 39 43 46 48 52 60 61 80 84 85 88;85;85
28/05/2019 20:00;64;01 05 13 16 17 28 32 33 38 49 56 60 65 66 68 70 71 73 79 84;84;84
30/05/2019 20:00;65;05 07 08 10 14 22 37 40 45 48 52 53 60 61 69 73 77 83 87 88;53;53
01/06/2019 20:00;66;01 03 07 09 17 22 25 26 27 36 38 41 47 49 59 65 66 71 81 83;47;47
04/06/2019 20:00;67;03 10 22 28 31 38 40 42 45 51 56 57 60 62 63 69 77 78 81 89;63;63
06/06/2019 20:00;68;05 07 13 15 21 22 24 41 43 46 48 51 56 60 61 64 66 82 83 84;46;46
08/06/2019 20:00;69;05 09 11 12 22 25 30 41 43 48 50 57 61 68 71 79 81 84 85 90;43;43
11/06/2019 20:00;70;01 05 09 13 14 15 23 26 30 31 35 40 52 55 60 69 72 74 79 86;14;14
13/06/2019 20:00;71;06 08 09 10 14 19 26 30 31 33 34 37 50 53 57 66 68 69 76 87;10;10
15/06/2019 20:00;72;01 11 14 19 20 23 24 29 36 43 47 51 52 56 59 64 69 70 71 74;1;1
18/06/2019 20:00;73;14 15 18 21 25 33 35 37 43 44 45 49 51 54 67 72 74 80 82 88;74;74
20/06/2019 20:00;74;01 08 10 17 22 25 31 35 37 38 45 48 51 58 60 73 78 80 87 90;51;51
22/06/2019 20:00;75;06 12 13 16 17 19 20 31 39 42 43 46 51 54 55 58 70 73 82 84;51;51
25/06/2019 20:00;76;08 09 13 21 25 26 28 38 40 43 47 48 50 52 55 56 59 61 64 76;76;76
27/06/2019 20:00;77;03 06 09 11 12 43 48 49 59 66 67 69 71 72 77 78 80 81 82 87;67;67
29/06/2019 20:00;78;02 03 05 07 16 17 33 39 45 46 50 58 64 66 67 76 83 84 88 90;39;39
02/07/2019 20:00;79;08 11 19 24 29 32 36 37 38 54 55 56 57 58 59 61 65 76 79 84;8;8
04/07/2019 20:00;80;04 08 12 13 17 18 22 23 27 35 45 47 54 57 59 64 74 75 82 86;82;82
06/07/2019 20:00;81;05 07 12 16 18 28 45 47 48 49 57 61 67 72 73 77 79 83 86 88;88;88
09/07/2019 20:00;82;01 08 13 20 28 31 35 39 43 46 56 61 63 68 71 72 73 79 80 88;72;72
11/07/2019 20:00;83;02 03 08 10 13 17 18 22 32 33 41 52 56 65 67 68 72 78 83 88;56;56
13/07/2019 20:00;84;10 15 18 23 25 29 31 35 38 47 54 63 65 67 78 83 86 87 88 89;54;54
16/07/2019 20:00;85;01 04 11 14 16 27 28 29 36 37 38 43 50 56 65 70 77 82 85 90;4;4
18/07/2019 20:00;86;01 04 05 06 10 16 18 19 28 31 32 40 41 46 50 52 61 73 74 81;19;19
20/07/2019 20:00;87;02 05 10 15 19 20 21 23 26 28 35 37 42 48 53 65 66 68 73 77;28;28
23/07/2019 20:00;88;01 03 09 13 17 22 25 28 31 34 37 47 58 59 60 67 69 70 78 84;60;60
25/07/2019 20:00;89;06 07 09 18 22 23 25 26 29 33 37 44 50 56 59 68 83 84 85 90;26;26
27/07/2019 20:00;90;03 05 06 08 18 19 42 43 47 49 59 62 63 65 72 73 78 81 82 88;47;47
30/07/2019 20:00;91;06 11 12 14 17 23 27 29 35 36 42 43 54 60 62 70 71 79 81 90;12;12
01/08/2019 20:00;92;01 03 05 10 11 19 20 27 38 43 44 45 52 63 70 78 79 82 85 89;10;10
03/08/2019 20:00;93;03 12 23 26 35 42 44 47 50 53 58 61 62 66 67 69 70 72 75 86;12;12
06/08/2019 20:00;94;03 05 07 08 15 18 19 21 22 30 34 40 41 47 55 62 63 64 77 81;21;21
08/08/2019 20:00;95;04 05 06 21 33 40 42 44 45 51 52 53 60 61 66 69 75 80 83 89;4;4
10/08/2019 20:00;96;07 11 13 15 19 27 33 37 41 47 49 57 63 68 71 76 77 79 80 86;11;11
13/08/2019 20:00;97;02 07 08 11 16 21 24 26 33 41 43 46 48 49 54 69 72 76 78 81;69;69
16/08/2019 20:00;98;05 06 10 13 20 35 40 44 45 56 58 61 65 69 72 73 77 78 80 81;6;6
17/08/2019 20:00;99;02 03 10 14 19 20 22 29 34 38 39 43 48 53 68 69 73 84 87 88;22;22
20/08/2019 20:00;100;04 05 10 24 34 36 48 50 52 53 56 61 63 69 76 78 80 85 87 88;24;24
22/08/2019 20:00;101;08 11 13 19 24 29 31 33 37 42 43 46 53 60 71 72 85 86 89 90;8;8
24/08/2019 20:00;102;11 13 16 21 23 29 32 39 52 53 56 65 67 69 71 73 76 81 84 87;32;32
27/08/2019 20:00;103;06 08 09 10 11 16 27 35 37 45 47 49 56 61 64 65 69 71 81 90;27;27
29/08/2019 20:00;104;05 07 10 11 21 23 26 28 31 32 42 53 58 64 69 70 74 81 87 89;74;74
31/08/2019 20:00;105;06 09 18 19 29 31 34 39 40 43 45 48 54 56 57 60 61 70 79 80;60;60
03/09/2019 20:00;106;01 04 09 15 20 21 27 48 49 52 53 56 64 67 76 77 78 82 84 89;53;53
05/09/2019 20:00;107;01 10 17 18 19 29 31 42 43 46 52 53 57 63 66 67 68 72 74 90;66;66
07/09/2019 20:00;108;01 19 26 33 39 42 45 48 53 54 63 65 67 69 73 75 79 86 89 90;90;90
10/09/2019 20:00;109;02 03 16 17 24 28 33 34 36 40 46 51 55 66 70 73 78 81 82 83;81;81
12/09/2019 20:00;110;05 07 11 12 19 26 27 29 30 31 61 62 63 67 69 70 72 75 79 89;79;79
14/09/2019 20:00;111;02 08 11 18 24 26 27 34 38 44 45 46 53 58 64 74 76 79 85 90;26;26
17/09/2019 20:00;112;03 15 17 22 28 37 42 45 46 52 54 57 63 67 69 75 84 86 87 89;69;69
19/09/2019 20:00;113;06 15 16 20 28 34 51 52 54 62 65 67 76 77 79 80 81 82 86 89;54;54
21/09/2019 20:00;114;01 07 10 12 16 42 50 51 54 55 63 64 65 67 68 69 71 73 79 82;16;16
24/09/2019 20:00;115;05 11 25 27 28 32 37 43 45 48 56 57 66 68 69 75 80 84 86 87;87;87
26/09/2019 20:00;116;01 05 06 14 17 23 27 31 34 38 39 56 57 59 63 72 73 79 81 84;27;27
28/09/2019 20:00;117;02 03 07 19 25 34 38 41 51 62 64 65 68 70 72 79 81 86 87 89;3;3
01/10/2019 20:00;118;01 04 07 08 11 18 27 33 40 46 49 52 53 58 63 67 70 82 86 87;87;87
03/10/2019 20:00;119;06 07 12 13 14 17 20 23 28 31 35 44 53 60 61 62 64 68 71 78;17;17
05/10/2019 20:00;120;06 08 10 14 23 25 28 36 40 42 45 48 51 55 72 76 77 78 81 90;14;14
08/10/2019 20:00;121;02 09 19 20 25 28 41 42 45 47 48 50 51 54 58 67 78 80 86 87;48;48
10/10/2019 20:00;122;06 10 13 18 19 20 21 22 25 32 34 35 37 43 47 50 52 62 81 82;35;35
12/10/2019 20:00;123;04 05 10 13 26 34 38 43 50 53 56 65 66 67 68 71 78 79 85 87;65;65
15/10/2019 20:00;124;10 11 13 18 20 21 30 37 41 42 48 54 56 62 68 70 73 80 82 84;20;20
17/10/2019 20:00;125;01 06 07 12 15 16 23 28 32 36 38 41 44 49 51 53 56 79 87 90;36;36
19/10/2019 20:00;126;03 04 15 21 22 23 36 45 46 47 51 54 55 57 59 63 69 84 87 90;47;47
22/10/2019 20:00;127;02 03 04 05 11 12 16 18 21 24 34 35 43 50 55 57 61 64 77 85;4;4
24/10/2019 20:00;128;01 03 04 20 23 31 35 48 49 50 55 56 57 60 63 66 69 73 77 90;35;35
26/10/2019 20:00;129;01 06 13 17 19 20 23 25 38 43 44 52 61 70 73 75 79 82 83 85;6;6
29/10/2019 20:00;130;06 09 22 24 26 35 39 49 53 54 56 60 62 70 76 79 81 83 85 86;86;86
31/10/2019 20:00;131;08 15 17 20 34 36 39 41 49 50 51 53 68 75 76 77 79 83 84 86;15;15
02/11/2019 20:00;132;06 10 11 12 15 18 28 36 46 48 50 54 57 58 59 61 66 75 76 80;6;6
05/11/2019 20:00;133;02 03 04 09 15 18 21 22 26 29 32 40 43 55 58 61 68 76 84 85;55;55
07/11/2019 20:00;134;10 11 14 18 24 25 27 28 31 38 39 42 46 53 68 71 73 76 83 88;46;46
09/11/2019 20:00;135;01 09 10 18 24 34 35 36 37 39 51 55 56 60 62 71 73 78 80 83;80;80
12/11/2019 20:00;136;05 08 12 19 22 27 28 30 38 42 47 55 58 63 65 66 67 70 78 87;22;22
14/11/2019 20:00;137;07 09 22 31 37 41 44 46 49 50 61 62 70 72 76 77 79 80 83 84;77;77
16/11/2019 20:00;138;02 07 10 14 16 17 18 24 27 36 42 45 50 51 55 56 61 73 74 77;24;24
19/11/2019 20:00;139;07 19 20 24 40 44 52 68 69 70 72 74 75 78 80 81 82 85 86 88;44;44
21/11/2019 20:00;140;03 07 09 15 25 27 33 39 44 47 53 61 63 66 72 76 77 81 83 90;44;44
23/11/2019 20:00;141;07 10 13 22 24 30 34 39 40 47 52 53 57 61 68 70 74 80 82 83;70;70
26/11/2019 20:00;142;01 12 16 22 26 27 30 35 40 41 42 49 53 58 59 64 79 85 87 88;88;88
28/11/2019 20:00;143;03 04 10 19 22 29 37 46 50 51 57 60 62 67 69 71 72 80 87 89;72;72
30/11/2019 20:00;144;02 03 05 09 13 15 20 32 33 34 37 47 50 54 56 70 71 75 81 82;15;15
03/12/2019 20:00;145;02 04 07 14 17 22 27 28 33 47 55 59 60 61 74 77 78 80 84 87;47;47
05/12/2019 20:00;146;05 10 12 18 19 24 36 42 44 47 48 54 55 60 61 62 73 81 83 89;24;24
07/12/2019 20:00;147;04 09 19 20 21 22 30 31 42 43 44 46 55 60 66 69 76 81 86 88;19;19
10/12/2019 20:00;148;06 09 17 22 31 32 35 36 37 41 45 50 51 58 59 67 71 74 79 88;31;31
12/12/2019 20:00;149;03 06 07 08 20 22 23 29 32 40 44 46 47 51 54 56 62 67 70 72;56;56
14/12/2019 20:00;150;04 07 12 14 18 20 21 27 29 36 41 48 52 64 68 69 72 74 78 83;68;68
17/12/2019 20:00;151;11 12 16 20 21 28 30 31 32 35 38 40 44 51 52 56 76 79 81 87;12;12
19/12/2019 20:00;152;03 05 06 12 19 44 46 49 60 61 63 67 70 71 74 75 79 80 86 89;46;46
21/12/2019 20:00;153;11 12 13 16 21 23 30 33 38 39 44 48 54 57 59 67 70 73 81 83;73;73
24/12/2019 20:00;154;12 14 20 22 24 26 27 28 33 41 57 58 66 68 69 74 75 76 83 85;69;69
27/12/2019 20:00;155;11 15 16 17 19 20 23 29 32 40 43 47 58 61 66 74 80 82 86 88;17;17
28/12/2019 20:00;156;01 04 10 11 12 16 20 30 31 36 39 42 51 61 70 75 76 78 83 90;42;42
31/12/2019 20:00;157;01 06 13 15 18 26 29 40 43 47 48 52 56 60 63 64 83 84 85 89;15;15
02/01/2020 20:00;1;03 05 12 25 26 27 40 42 43 48 49 50 51 52 61 62 71 77 79 88;40;40
04/01/2020 20:00;2;03 10 15 21 22 28 30 31 33 34 44 48 49 52 56 57 59 69 77 87;15;15
07/01/2020 20:00;3;05 06 11 16 17 19 32 33 35 38 54 56 61 64 67 68 70 72 81 89;61;61
09/01/2020 20:00;4;06 07 16 17 24 30 40 44 50 51 53 60 61 65 70 73 81 83 88 89;60;60
11/01/2020 20:00;5;01 02 05 08 25 26 27 33 37 40 46 47 62 74 77 80 81 82 84 88;74;74
14/01/2020 20:00;6;02 05 11 14 25 26 32 41 46 48 50 52 54 57 58 68 76 81 86 88;57;57
16/01/2020 20:00;7;07 10 11 13 16 25 26 27 30 37 38 41 45 48 58 61 63 70 74 90;38;38
18/01/2020 20:00;8;05 08 09 10 14 15 22 28 30 40 43 49 50 57 66 69 71 73 77 81;50;50
21/01/2020 20:00;9;05 13 16 18 29 32 35 41 42 46 52 54 59 60 63 69 71 72 75 83;29;29
23/01/2020 20:00;10;01 04 07 09 17 21 24 29 36 39 43 48 57 59 64 68 75 83 87 89;1;1
25/01/2020 20:00;11;04 05 15 26 31 33 37 38 40 49 50 62 66 67 69 74 77 85 89 90;85;85
28/01/2020 20:00;12;02 06 09 10 11 15 28 34 36 41 42 58 60 61 64 72 81 82 84 87;41;41
30/01/2020 20:00;13;01 05 07 11 15 19 20 34 38 40 41 42 43 46 50 54 60 71 83 86;41;41
01/02/2020 20:00;14;02 11 12 14 21 32 40 46 51 52 56 59 61 65 69 74 78 80 86 87;59;59
04/02/2020 20:00;15;02 12 15 22 24 31 45 46 48 49 55 58 60 65 66 75 76 81 83 87;49;49
06/02/2020 20:00;16;01 02 03 08 10 11 13 14 17 23 48 50 52 72 76 77 79 80 85 89;52;52
08/02/2020 20:00;17;02 11 16 26 29 34 38 39 44 48 49 61 62 63 70 76 78 84 89 90;70;70
11/02/2020 20:00;18;05 07 08 11 13 16 17 18 30 48 52 53 55 65 75 76 78 81 84 87;76;76
13/02/2020 20:00;19;05 13 14 24 32 43 47 50 51 58 64 65 72 73 75 79 81 83 84 86;50;50
15/02/2020 20:00;20;20 22 23 27 30 31 32 35 37 42 43 68 69 71 74 75 76 83 87 88;30;30
18/02/2020 20:00;21;01 02 05 23 24 25 26 30 32 44 52 54 69 70 79 83 84 86 87 88;70;70
20/02/2020 20:00;22;12 19 29 34 41 42 44 45 48 52 53 65 66 74 76 77 79 80 83 85;44;44
22/02/2020 20:00;23;03 05 21 25 26 27 36 40 41 44 45 47 49 50 52 57 60 73 77 90;73;73
25/02/2020 20:00;24;02 09 13 16 18 23 27 28 34 35 36 50 59 61 67 75 76 80 84 87;87;87
27/02/2020 20:00;25;04 06 27 30 33 35 37 44 45 48 55 57 64 73 76 82 84 85 86 90;57;57
29/02/2020 20:00;26;04 11 12 30 31 32 34 39 45 48 51 53 56 64 65 68 73 76 86 87;32;32
03/03/2020 20:00;27;05 16 21 25 27 29 33 34 47 51 58 60 61 64 69 73 77 84 85 90;5;5
05/03/2020 20:00;28;04 11 15 18 20 36 37 44 48 52 59 66 69 70 78 81 82 85 86 89;44;44
07/03/2020 20:00;29;03 05 06 13 26 34 38 47 50 51 53 54 56 61 63 74 75 78 87 89;54;54
10/03/2020 20:00;30;02 07 14 17 28 29 30 31 32 44 49 54 63 64 73 77 82 83 84 90;84;84
12/03/2020 20:00;31;04 11 26 28 30 31 34 42 45 46 51 62 63 64 70 74 77 80 81 83;81;81
14/03/2020 20:00;32;04 07 11 15 18 20 25 26 31 32 45 47 54 56 58 60 66 76 83 87;83;83
17/03/2020 20:00;33;01 12 14 15 16 23 32 40 44 46 52 56 58 59 65 67 68 69 78 80;44;44
19/03/2020 20:00;34;02 03 04 05 20 21 32 34 38 44 50 60 61 64 68 71 75 80 86 89;32;32
21/03/2020 20:00;35;09 12 16 21 24 25 26 31 34 36 41 52 53 62 63 73 81 85 89 90;21;21
05/05/2020 20:00;54;08 11 15 17 18 27 28 32 46 53 55 60 61 68 69 78 79 84 85 87;8;8
07/05/2020 20:00;55;15 18 22 24 32 40 46 48 49 54 58 60 66 68 69 72 73 78 87 88;72;72
09/05/2020 20:00;56;03 07 11 16 20 21 22 26 31 34 45 49 50 51 55 63 69 76 83 84;49;49
12/05/2020 20:00;57;03 07 09 12 18 21 27 31 40 44 45 56 61 62 63 64 71 82 86 89;31;31
14/05/2020 20:00;58;02 07 13 16 22 30 31 34 35 42 43 51 58 60 63 76 77 78 82 87;13;13
16/05/2020 20:00;59;06 09 10 14 39 40 41 51 54 57 64 66 67 68 70 72 75 77 82 90;10;10
19/05/2020 20:00;60;01 06 10 20 21 22 29 32 33 34 41 45 47 50 59 70 72 78 80 86;34;34
21/05/2020 20:00;61;02 06 13 14 20 25 26 28 35 36 39 40 49 51 54 59 63 81 83 89;83;83
23/05/2020 20:00;62;07 12 15 18 26 28 34 36 37 39 45 49 51 53 56 58 69 74 78 84;74;74
26/05/2020 20:00;63;12 13 15 20 33 35 44 45 46 50 58 60 68 70 72 73 83 85 88 90;13;13
28/05/2020 20:00;64;06 13 16 18 19 25 29 40 41 46 57 58 62 63 68 73 78 87 89 90;40;40
30/05/2020 20:00;65;02 12 21 27 31 32 36 39 41 42 45 49 52 53 54 60 66 79 83 84;60;60
03/06/2020 20:00;66;02 09 19 23 25 31 33 38 40 44 45 51 52 54 56 72 80 82 86 89;31;31
04/06/2020 20:00;67;10 12 14 16 20 24 30 31 33 42 52 64 66 68 74 77 80 84 85 89;66;66
06/06/2020 20:00;68;11 15 23 25 27 31 33 37 46 48 52 54 59 60 68 73 77 81 85 88;68;68
09/06/2020 20:00;69;01 03 06 07 20 43 45 49 50 52 62 66 68 70 72 75 80 81 87 89;43;43
11/06/2020 20:00;70;01 09 10 19 25 30 32 33 40 41 47 48 53 62 64 66 67 72 80 88;48;48
13/06/2020 20:00;71;09 20 22 27 28 29 39 47 48 52 53 56 59 60 61 68 70 71 77 84;47;47
16/06/2020 20:00;72;02 14 18 22 26 31 37 39 40 46 52 53 58 59 71 76 78 83 89 90;90;90
18/06/2020 20:00;73;07 09 15 19 23 27 29 33 37 44 45 46 48 49 62 65 69 77 83 90;33;33
20/06/2020 20:00;74;08 13 18 25 29 32 36 41 47 52 57 59 64 66 67 68 73 74 78 90;32;32
23/06/2020 20:00;75;09 10 15 16 20 24 25 27 28 31 38 42 43 46 55 60 65 70 78 88;16;16
25/06/2020 20:00;76;07 15 22 26 28 30 31 36 47 48 50 52 63 65 67 75 80 88 89 90;26;26
27/06/2020 20:00;77;01 02 09 14 18 19 20 21 23 32 33 41 43 45 47 49 59 72 85 87;2;2
30/06/2020 20:00;78;17 20 22 24 27 32 37 50 51 53 58 60 61 63 68 74 77 82 85 86;24;24
02/07/2020 20:00;79;02 05 08 09 10 11 13 19 20 33 34 40 59 63 64 67 72 73 78 85;73;73
04/07/2020 20:00;80;01 11 21 30 35 38 40 41 44 50 53 54 61 67 70 72 78 81 86 87;87;87
07/07/2020 20:00;81;03 04 07 15 20 22 32 43 44 50 54 62 63 65 66 70 71 78 82 88;78;78
09/07/2020 20:00;82;01 02 03 06 07 08 09 14 22 26 46 52 53 57 68 73 74 81 87 90;14;14
11/07/2020 20:00;83;01 02 13 14 27 35 38 40 43 50 53 57 59 60 61 63 70 77 80 90;61;61
14/07/2020 20:00;84;01 09 10 11 15 24 26 37 40 42 43 47 49 69 76 77 78 79 84 86;24;24
16/07/2020 20:00;85;12 15 18 20 28 29 35 43 47 50 54 59 64 66 79 80 81 82 86 90;12;12
18/07/2020 20:00;86;02 09 12 13 16 23 30 32 34 41 42 44 45 48 50 60 63 73 85 90;45;45
21/07/2020 20:00;87;03 17 19 27 32 33 37 47 48 50 57 60 61 68 69 72 73 85 86 88;86;86
23/07/2020 20:00;88;07 15 29 31 33 35 38 40 41 42 46 49 52 61 65 69 77 78 82 84;61;61
25/07/2020 20:00;89;01 02 13 14 20 28 31 32 33 39 40 41 45 52 64 67 69 71 80 90;39;39
28/07/2020 20:00;90;03 05 06 10 21 30 35 38 45 46 48 53 54 56 61 65 70 76 77 82;35;35
30/07/2020 20:00;91;02 11 12 16 18 30 34 35 38 45 52 56 58 61 62 63 64 68 77 90;18;18
01/08/2020 20:00;92;01 02 05 10 22 30 32 36 40 45 51 56 57 65 68 69 73 76 78 83;76;76
04/08/2020 20:00;93;04 07 08 11 16 17 18 19 22 26 37 43 44 51 75 79 80 81 83 89;37;37
06/08/2020 20:00;94;04 11 12 17 22 24 25 28 38 39 42 49 50 58 59 64 66 73 79 88;17;17
08/08/2020 20:00;95;09 13 20 24 29 30 38 44 52 58 61 63 65 67 68 72 73 74 78 87;67;67
11/08/2020 20:00;96;06 07 10 13 15 19 20 28 30 31 34 39 41 43 52 56 57 62 70 82;39;39
13/08/2020 20:00;97;02 03 05 06 10 14 16 42 51 57 64 67 69 75 80 81 83 85 86 87;85;85
17/08/2020 20:00;98;18 21 24 26 30 34 45 48 50 53 54 56 59 62 64 65 72 75 87 89;50;50
18/08/2020 20:00;99;01 04 07 16 20 30 31 39 44 50 54 55 57 59 65 70 71 72 76 80;20;20
20/08/2020 20:00;100;07 08 09 13 21 23 28 29 34 35 36 38 48 49 52 53 56 61 63 71;21;21
22/08/2020 20:00;101;01 06 08 10 11 16 25 30 40 49 55 62 63 64 67 74 77 83 85 87;10;10
25/08/2020 20:00;102;01 07 10 11 13 14 19 24 27 30 33 35 47 53 58 69 72 77 78 79;77;77
27/08/2020 20:00;103;03 09 14 17 31 33 40 43 46 48 49 52 54 55 57 60 64 72 80 83;31;31
29/08/2020 20:00;104;03 09 13 19 40 45 48 52 56 58 61 63 68 76 78 79 80 81 82 89;61;61
01/09/2020 20:00;105;12 20 23 27 31 32 35 37 43 45 46 51 56 60 61 63 69 71 74 75;61;61
03/09/2020 20:00;106;02 19 26 28 30 34 38 53 55 57 58 66 67 69 70 81 82 84 88 89;19;19
05/09/2020 20:00;107;01 03 04 05 14 17 21 25 26 32 39 43 44 49 50 74 79 83 86 87;5;5
08/09/2020 20:00;108;01 04 06 13 19 23 24 34 35 47 51 54 56 59 61 68 69 71 80 90;13;13
10/09/2020 20:00;109;07 25 34 37 38 50 53 55 58 60 63 65 67 70 72 74 76 77 86 89;60;60
12/09/2020 20:00;110;03 05 06 09 14 17 21 29 32 37 38 42 53 58 64 74 77 83 87 89;87;87
15/09/2020 20:00;111;08 13 16 24 32 33 34 38 45 50 52 55 65 70 72 74 80 84 85 88;85;85
17/09/2020 20:00;112;04 10 11 12 14 22 23 29 32 37 45 47 50 57 71 77 81 85 86 88;77;77
19/09/2020 20:00;113;07 09 18 20 22 27 29 32 35 39 42 46 53 55 71 72 77 78 87 89;18;18
22/09/2020 20:00;114;04 06 07 08 09 10 21 25 26 28 30 33 40 43 49 57 70 72 82 84;7;7
24/09/2020 20:00;115;04 17 22 30 32 41 43 52 53 59 62 65 69 70 72 73 78 79 81 90;4;4
26/09/2020 20:00;116;14 15 19 20 29 30 31 32 33 36 45 58 59 67 69 70 74 85 86 89;14;14
29/09/2020 20:00;117;02 04 07 13 14 17 19 20 24 26 33 39 40 41 47 48 53 55 74 82;26;26
01/10/2020 20:00;118;03 08 11 14 15 21 24 25 26 30 31 40 43 72 73 77 82 87 88 90;88;88
03/10/2020 20:00;119;06 07 11 14 28 35 36 43 44 48 50 56 60 64 68 74 84 86 88 90;90;90
06/10/2020 20:00;120;07 14 17 24 26 34 39 43 44 46 48 65 72 80 83 84 85 86 87 90;17;17
08/10/2020 20:00;121;02 10 19 29 30 36 47 49 53 56 58 60 61 70 71 72 78 81 83 85;71;71
10/10/2020 20:00;122;01 04 14 16 18 19 20 31 36 41 42 45 49 55 56 57 60 61 62 83;49;49
13/10/2020 20:00;123;08 09 13 14 18 22 23 35 39 47 57 59 62 66 71 75 78 80 81 83;83;83
15/10/2020 20:00;124;05 06 09 12 21 22 29 30 36 39 43 45 48 54 60 61 63 68 84 89;6;6
17/10/2020 20:00;125;04 07 10 11 19 21 24 27 28 29 31 32 40 43 44 47 49 50 60 67;47;47
20/10/2020 20:00;126;01 11 12 19 27 28 29 34 47 55 56 57 61 63 70 76 79 81 88 90;79;79
22/10/2020 20:00;127;05 10 13 14 15 25 28 31 34 35 53 65 66 70 71 72 78 86 89 90;70;70
24/10/2020 20:00;128;06 17 23 25 30 39 40 45 58 59 62 63 67 72 73 74 77 82 87 88;40;40
27/10/2020 20:00;129;03 05 07 12 14 18 20 22 23 30 39 40 56 57 60 64 72 74 76 88;88;88
29/10/2020 20:00;130;06 08 09 10 13 21 25 26 31 38 39 48 49 57 62 67 76 77 78 81;26;26
31/10/2020 20:00;131;08 09 20 23 28 32 33 35 39 47 48 49 63 65 69 72 79 80 82 83;83;83
03/11/2020 20:00;132;02 10 13 23 25 27 28 29 30 39 42 44 57 61 66 67 72 81 82 89;89;89
05/11/2020 20:00;133;12 13 18 22 30 38 39 42 43 52 58 61 64 66 67 72 73 83 85 90;66;66
07/11/2020 20:00;134;06 10 14 20 27 31 40 49 50 52 56 63 64 77 81 83 84 85 87 89;84;84
10/11/2020 20:00;135;06 10 20 22 24 25 31 34 45 49 53 54 64 65 66 69 76 80 85 90;54;54
12/11/2020 20:00;136;03 09 12 16 20 27 28 30 32 34 36 37 44 61 62 74 77 78 84 90;77;77
14/11/2020 20:00;137;03 04 05 06 12 15 20 23 25 26 34 36 39 45 47 50 67 87 89 90;20;20
17/11/2020 20:00;138;14 15 27 31 34 35 40 41 44 50 53 61 67 74 75 78 80 82 83 86;15;15
19/11/2020 20:00;139;01 02 04 08 09 11 18 22 24 27 37 43 49 51 56 57 67 69 81 89;43;43
21/11/2020 20:00;140;04 07 09 10 29 34 38 43 46 47 49 52 57 61 67 69 76 79 86 89;47;47
24/11/2020 20:00;141;03 06 10 18 20 21 27 31 32 44 45 46 48 56 58 61 69 75 84 90;56;56
26/11/2020 20:00;142;03 04 08 12 15 17 27 36 39 52 53 57 66 67 71 72 73 77 80 88;15;15
28/11/2020 20:00;143;02 11 12 14 26 31 35 39 40 57 58 59 61 62 74 76 80 81 83 86;61;61
01/12/2020 20:00;144;01 05 32 42 43 46 47 51 54 64 65 71 74 77 80 84 86 88 89 90;65;65
03/12/2020 20:00;145;01 12 14 15 16 24 25 27 31 33 34 54 55 62 63 71 79 82 85 88;27;27
05/12/2020 20:00;146;02 03 07 09 21 25 28 30 38 39 47 48 49 53 62 65 68 71 72 76;21;21
09/12/2020 20:00;147;11 15 20 23 26 30 32 33 41 50 52 54 58 66 69 70 74 78 87 89;30;30
10/12/2020 20:00;148;01 02 03 05 07 10 17 18 19 22 26 38 49 51 53 66 71 80 84 85;80;80
12/12/2020 20:00;149;11 14 20 27 28 29 32 36 44 46 51 54 60 63 64 74 78 84 86 87;29;29
15/12/2020 20:00;150;07 13 15 16 17 25 26 35 45 50 54 61 70 76 84 85 86 87 88 89;16;16
17/12/2020 20:00;151;01 06 13 15 16 23 24 29 30 43 50 52 63 67 69 70 71 82 85 88;30;30
19/12/2020 20:00;152;05 06 16 20 23 25 27 31 38 43 45 48 50 53 56 59 67 73 74 79;38;38
22/12/2020 20:00;153;02 05 06 08 16 27 31 35 37 39 46 47 51 59 63 67 78 82 85 90;85;85
24/12/2020 20:00;154;04 08 13 15 17 20 24 26 30 35 37 41 47 54 56 58 60 67 74 84;56;56
28/12/2020 20:00;155;01 07 16 17 21 23 25 26 32 37 40 52 57 61 62 65 66 77 79 86;62;62
29/12/2020 20:00;156;13 16 17 18 20 21 30 31 34 37 54 57 58 59 67 70 71 74 88 90;88;88
31/12/2020 20:00;157;08 11 13 23 31 32 34 36 39 40 41 44 46 55 66 67 72 77 78 80;44;44
02/01/2021 20:00;1;07 10 14 21 27 33 36 38 42 47 48 53 55 62 63 65 66 71 78 83;36;36
05/01/2021 20:00;2;03 14 15 18 24 26 27 30 33 34 37 39 40 41 47 58 69 79 83 85;24;24
07/01/2021 20:00;3;01 04 05 07 08 10 22 28 47 48 51 52 55 59 69 71 72 80 82 84;47;47
09/01/2021 20:00;4;03 04 05 06 12 23 25 28 42 45 48 53 59 67 68 69 76 79 86 87;25;25
12/01/2021 20:00;5;06 15 16 20 21 22 28 33 36 38 42 47 49 50 51 82 84 85 88 90;90;90
14/01/2021 20:00;6;01 08 09 10 19 20 32 34 40 41 45 46 56 58 59 64 65 73 84 85;9;9
16/01/2021 20:00;7;01 13 14 20 34 38 42 45 46 51 58 63 68 72 76 80 83 84 86 90;20;20
19/01/2021 20:00;8;07 15 19 22 26 27 29 32 35 47 56 58 59 64 65 68 79 82 83 85;82;82
21/01/2021 20:00;9;07 08 12 17 18 19 27 36 38 39 43 53 58 61 63 66 69 82 89 90;18;18
23/01/2021 20:00;10;07 09 17 19 20 22 29 30 35 46 48 49 53 56 62 69 72 74 77 88;53;53
26/01/2021 20:00;11;01 03 17 21 26 28 31 35 48 53 55 61 63 64 65 75 81 83 85 87;21;21
28/01/2021 20:00;12;03 05 11 17 22 26 29 38 41 43 52 53 62 67 68 79 80 81 84 87;52;52
30/01/2021 20:00;13;01 05 06 10 27 30 36 37 40 48 49 53 54 63 64 73 74 79 83 84;40;40
02/02/2021 20:00;14;06 09 10 12 20 21 22 25 27 31 38 48 54 62 68 72 76 77 87 89;38;38
04/02/2021 20:00;15;02 04 06 18 24 29 30 45 46 60 61 62 63 68 69 70 77 78 84 85;46;46
06/02/2021 20:00;16;07 19 22 25 26 28 31 32 35 36 49 50 52 58 61 68 75 78 87 88;28;28
09/02/2021 20:00;17;01 04 06 11 13 15 17 23 26 27 43 53 63 64 65 74 77 79 85 88;13;13
11/02/2021 20:00;18;05 16 21 26 28 30 31 38 39 42 43 48 49 51 57 67 76 80 83 87;42;42
13/02/2021 20:00;19;01 16 18 21 31 34 38 42 45 48 49 61 66 70 71 75 78 81 86 89;86;86
16/02/2021 20:00;20;07 10 11 14 22 31 32 37 41 45 46 50 52 65 70 81 83 84 85 90;45;45
18/02/2021 20:00;21;03 20 23 38 39 40 41 45 47 54 56 58 64 71 72 74 79 81 85 90;81;81
20/02/2021 20:00;22;01 04 09 10 24 29 34 37 55 57 58 61 67 68 69 73 74 80 87 90;58;58
23/02/2021 20:00;23;01 11 13 16 18 20 31 34 37 41 42 43 50 53 65 72 81 84 86 89;42;42
25/02/2021 20:00;24;14 17 19 26 30 31 35 42 45 47 48 52 54 58 62 68 74 83 85 88;17;17
27/02/2021 20:00;25;01 07 13 14 17 20 22 30 34 37 39 44 45 47 56 63 64 75 83 85;17;17
02/03/2021 20:00;26;04 05 06 11 15 17 25 37 42 46 47 48 60 61 67 69 73 74 75 86;74;74
04/03/2021 20:00;27;01 04 06 13 14 23 24 31 35 36 44 45 48 54 63 64 69 74 81 90;24;24
06/03/2021 20:00;28;04 06 07 10 15 17 18 39 41 45 46 51 56 59 62 66 73 80 83 84;80;80
09/03/2021 20:00;29;02 11 12 13 15 22 28 29 30 41 42 44 49 57 62 63 66 71 86 90;57;57
11/03/2021 20:00;30;02 03 23 26 27 32 34 37 44 51 53 54 56 58 61 71 76 77 78 90;78;78
13/03/2021 20:00;31;03 06 26 29 30 32 42 44 49 56 57 58 59 60 63 66 69 71 77 79;29;29
16/03/2021 20:00;32;04 09 25 26 27 29 32 36 41 42 45 46 51 53 56 65 69 81 84 85;51;51
18/03/2021 20:00;33;03 05 10 12 13 15 22 23 33 43 48 49 50 52 57 59 60 64 70 74;12;12
20/03/2021 20:00;34;07 11 13 15 16 23 37 55 57 58 67 70 72 73 78 79 81 82 84 90;55;55
23/03/2021 20:00;35;03 13 15 17 26 39 40 43 48 52 53 54 61 64 65 68 69 75 79 84;15;15
25/03/2021 20:00;36;01 02 13 18 29 40 46 49 50 51 54 55 56 63 65 70 80 81 82 87;55;55
27/03/2021 20:00;37;01 02 14 15 16 20 26 35 42 45 48 49 51 52 65 66 72 80 83 86;2;2
30/03/2021 20:00;38;05 13 14 18 21 23 31 39 41 47 50 56 59 61 66 67 72 80 83 88;72;72
01/04/2021 20:00;39;09 10 21 27 30 32 33 45 47 50 51 56 57 58 61 70 74 78 80 89;30;30
03/04/2021 20:00;40;05 10 13 15 17 23 24 25 31 33 35 38 40 41 44 49 51 75 78 87;15;15
06/04/2021 20:00;41;01 05 08 19 21 22 28 38 40 41 51 53 55 59 68 74 75 77 80 82;53;53
08/04/2021 20:00;42;01 07 11 19 24 31 32 34 45 46 48 56 57 68 74 76 77 80 81 86;24;24
10/04/2021 20:00;43;14 17 20 29 30 34 36 42 43 49 51 53 55 56 66 68 70 82 83 85;56;56
13/04/2021 20:00;44;01 02 07 12 15 19 22 32 35 36 39 42 47 48 49 51 68 75 83 85;51;51
15/04/2021 20:00;45;01 04 06 14 15 26 27 29 34 37 40 56 57 60 72 73 76 79 88 90;26;26
17/04/2021 20:00;46;01 04 09 10 13 15 19 30 33 39 41 44 46 59 61 67 68 79 81 88;59;59
20/04/2021 20:00;47;04 07 08 21 28 34 35 39 43 47 48 50 56 57 61 72 80 84 87 89;48;48
22/04/2021 20:00;48;01 02 03 05 19 21 23 26 28 32 50 59 60 61 66 68 70 73 75 86;60;60
24/04/2021 20:00;49;07 09 10 16 18 26 35 47 50 57 60 65 67 71 77 78 80 81 82 90;35;35
27/04/2021 20:00;50;03 04 07 08 25 32 34 36 47 50 56 63 64 70 74 75 80 84 87 89;36;36
29/04/2021 20:00;51;03 06 17 18 20 28 30 37 43 46 49 52 67 68 69 71 76 80 87 89;87;87
03/05/2021 20:00;52;03 04 12 17 21 23 26 29 36 42 49 50 52 57 62 63 66 70 78 83;42;42
04/05/2021 20:00;53;06 10 15 17 21 25 26 30 31 37 53 58 67 79 81 82 84 86 87 88;30;30
06/05/2021 20:00;54;01 12 26 29 32 33 38 43 44 50 52 63 69 70 71 72 78 79 81 87;29;29
08/05/2021 20:00;55;04 05 13 18 22 25 30 34 35 36 37 42 45 46 52 53 58 65 67 68;68;68
11/05/2021 20:00;56;06 11 19 20 31 33 38 54 59 60 65 67 71 73 74 76 77 85 86 90;77;77
13/05/2021 20:00;57;05 13 17 18 20 23 29 32 38 43 50 53 56 58 62 68 70 73 76 79;23;23
15/05/2021 20:00;58;01 04 06 08 23 26 28 29 33 38 39 41 47 60 62 67 72 75 86 88;88;88
18/05/2021 20:00;59;04 07 08 14 17 19 29 32 33 42 46 47 49 59 63 70 79 87 88 90;29;29
20/05/2021 20:00;60;07 09 11 18 19 28 30 35 45 47 51 56 57 58 67 70 71 81 86 88;18;18
22/05/2021 20:00;61;02 07 12 20 28 29 34 38 39 49 53 57 59 60 65 68 71 81 83 90;38;38
25/05/2021 20:00;62;01 05 09 14 16 18 26 27 32 39 43 46 50 65 68 70 75 80 82 85;75;75
27/05/2021 20:00;63;06 07 12 22 27 31 38 43 52 61 62 65 69 73 74 75 76 83 85 89;38;38
29/05/2021 20:00;64;10 13 18 28 29 33 37 43 52 54 55 56 61 67 69 71 73 77 85 86;13;13
01/06/2021 20:00;65;13 19 29 35 36 46 47 50 52 53 55 58 60 64 67 70 72 86 88 89;60;60
03/06/2021 20:00;66;04 07 12 14 20 22 32 34 46 49 51 54 59 74 79 80 81 86 89 90;22;22
05/06/2021 20:00;67;04 06 15 23 29 38 42 49 51 52 55 57 65 70 71 73 82 85 86 89;86;86
08/06/2021 20:00;68;06 07 11 20 21 31 34 36 38 47 49 50 52 53 58 64 65 66 73 77;47;47
10/06/2021 20:00;69;02 04 05 06 14 16 19 20 25 30 56 60 61 63 66 72 78 82 87 88;72;72
12/06/2021 20:00;70;07 15 18 24 25 27 28 29 39 44 50 55 57 61 69 70 72 79 81 86;70;70
15/06/2021 20:00;71;02 08 09 13 14 28 30 38 44 53 56 58 59 66 71 77 81 83 88 89;88;88
17/06/2021 20:00;72;07 12 15 18 19 20 27 28 38 40 42 56 63 68 70 71 74 75 77 80;27;27
19/06/2021 20:00;73;02 07 13 15 21 24 25 27 28 36 39 44 45 46 48 54 68 80 83 88;7;7
22/06/2021 20:00;74;03 05 13 31 32 37 38 41 44 45 47 63 64 65 69 78 83 84 86 88;38;38
24/06/2021 20:00;75;08 12 13 22 23 25 33 36 37 42 43 50 51 57 59 61 66 77 86 87;43;43
26/06/2021 20:00;76;03 06 14 15 16 24 27 44 45 47 51 52 55 58 59 63 69 76 81 86;27;27
29/06/2021 20:00;77;02 04 06 09 15 25 27 29 30 31 41 44 49 50 51 76 80 83 84 85;83;83
01/07/2021 20:00;78;04 09 15 25 27 28 31 35 36 38 39 42 48 49 59 67 70 81 84 85;81;81
03/07/2021 20:00;79;07 11 12 15 17 19 21 24 28 29 34 38 39 60 61 63 68 76 80 86;11;11
06/07/2021 20:00;80;05 07 10 16 17 18 20 21 29 36 37 43 46 48 50 53 75 77 80 88;80;80
08/07/2021 20:00;81;03 04 12 13 17 20 25 30 45 46 47 52 59 61 62 66 73 74 78 80;30;30
10/07/2021 20:00;82;04 06 07 11 18 20 23 29 33 35 46 54 55 64 71 72 73 77 79 88;88;88
13/07/2021 20:00;83;04 06 14 15 31 32 41 42 45 50 51 64 65 66 67 71 83 84 87 90;90;90
15/07/2021 20:00;84;04 08 12 17 19 32 35 38 47 49 50 58 59 71 73 76 77 78 81 85;47;47
17/07/2021 20:00;85;08 09 16 21 25 26 35 36 37 42 43 47 49 54 59 69 70 74 78 85;26;26
20/07/2021 20:00;86;02 03 05 07 09 10 13 18 22 26 27 28 32 38 44 50 56 57 71 89;27;27
22/07/2021 20:00;87;04 10 12 14 15 26 31 45 56 59 62 65 66 68 74 75 79 81 86 90;86;86
24/07/2021 20:00;88;02 04 05 06 07 09 12 13 15 22 23 29 35 39 42 61 67 78 80 81;81;81
27/07/2021 20:00;89;05 06 10 19 22 24 26 31 32 34 41 44 48 50 59 65 72 76 79 84;50;50
29/07/2021 20:00;90;03 04 14 15 18 22 23 24 26 28 35 40 47 54 55 76 78 83 86 87;55;55
31/07/2021 20:00;91;04 06 08 10 13 14 19 32 34 44 49 52 54 60 61 73 80 82 85 87;73;73
03/08/2021 20:00;92;01 02 08 12 16 20 21 27 29 38 40 50 52 56 69 71 79 81 83 89;29;29
05/08/2021 20:00;93;05 08 16 19 24 29 32 33 46 51 57 59 60 73 75 78 83 84 85 87;16;16
07/08/2021 20:00;94;06 14 19 23 26 31 39 42 45 46 47 48 56 68 69 70 74 77 84 89;26;26
10/08/2021 20:00;95;02 04 09 20 24 25 31 38 39 42 44 53 54 55 61 64 66 72 78 81;81;81
12/08/2021 20:00;96;02 06 07 09 15 26 29 30 34 37 38 39 42 53 60 71 81 82 86 88;53;53
14/08/2021 20:00;97;04 13 15 19 23 25 26 30 33 36 40 58 59 61 65 67 72 80 81 83;30;30
17/08/2021 20:00;98;01 12 20 30 32 37 39 40 42 47 48 51 52 54 58 60 61 73 83 84;84;84
19/08/2021 20:00;99;02 10 14 17 19 20 26 27 32 34 35 39 42 47 53 56 72 73 76 88;35;35
21/08/2021 20:00;100;01 04 11 14 15 18 28 31 32 41 47 50 53 56 71 74 75 79 80 87;74;74
24/08/2021 20:00;101;01 03 05 07 11 13 31 32 34 39 40 51 55 56 61 67 72 78 82 87;31;31
26/08/2021 20:00;102;02 09 12 20 22 23 26 32 38 39 42 49 52 53 54 59 67 75 79 82;2;2
28/08/2021 20:00;103;01 09 14 22 30 35 36 47 51 54 58 64 66 72 73 75 78 80 84 87;78;78
31/08/2021 20:00;104;01 04 15 16 22 25 32 35 38 39 44 47 51 57 59 62 65 70 71 73;22;22
02/09/2021 20:00;105;01 05 13 14 15 16 20 34 36 40 48 50 53 59 62 65 71 83 85 86;34;34
04/09/2021 20:00;106;10 16 20 21 24 28 30 31 33 34 43 47 48 49 56 57 59 60 65 90;57;57
07/09/2021 20:00;107;03 04 06 12 16 18 32 34 35 57 58 60 61 62 68 69 72 81 83 90;83;83
09/09/2021 20:00;108;01 08 12 18 25 27 29 37 40 45 48 49 56 58 73 74 77 82 88 89;29;29
11/09/2021 20:00;109;06 09 12 19 23 26 32 35 37 42 46 47 49 54 65 70 72 77 79 86;9;9
14/09/2021 20:00;110;01 06 07 08 16 21 22 25 29 32 37 42 43 45 54 60 62 71 80 87;54;54
16/09/2021 20:00;111;04 31 35 39 40 49 50 57 58 66 69 70 72 74 76 78 80 81 82 84;74;74
18/09/2021 20:00;112;02 04 07 11 12 16 17 19 22 27 40 44 45 56 63 76 79 82 85 88;19;19
21/09/2021 20:00;113;06 07 12 19 24 29 34 36 38 40 41 47 49 53 55 63 68 85 89 90;49;49
23/09/2021 20:00;114;04 08 09 16 21 25 30 31 34 41 49 52 58 60 63 64 77 81 84 89;52;52
25/09/2021 20:00;115;02 03 04 10 28 32 35 37 52 54 56 62 68 69 70 74 78 79 82 89;89;89
28/09/2021 20:00;116;05 10 17 19 24 34 38 39 43 44 46 47 53 57 58 65 77 83 86 90;5;5
30/09/2021 20:00;117;01 10 18 26 32 33 38 40 43 50 51 55 56 60 66 73 74 77 85 90;1;1
02/10/2021 20:00;118;06 12 13 19 21 24 35 38 44 46 54 57 61 68 69 75 78 80 86 87;12;12
05/10/2021 20:00;119;05 12 19 20 21 25 31 41 42 45 46 48 54 66 68 69 72 74 76 83;46;46
07/10/2021 20:00;120;01 05 10 11 15 20 29 30 33 34 40 43 49 56 58 62 66 70 74 79;56;56
09/10/2021 20:00;121;09 17 22 24 25 28 38 42 45 46 55 56 57 64 67 71 77 78 83 88;83;83
12/10/2021 20:00;122;01 04 24 25 26 29 30 35 39 48 49 55 56 57 61 63 71 82 83 90;1;1
14/10/2021 20:00;123;07 11 12 16 34 43 47 48 50 52 53 54 60 63 65 76 79 85 88 90;54;54
16/10/2021 20:00;124;01 07 09 14 16 21 26 31 33 36 54 55 59 63 67 68 72 75 83 85;21;21
19/10/2021 20:00;125;02 03 08 20 28 29 31 33 39 40 43 44 48 56 60 63 65 72 78 85;43;43
21/10/2021 20:00;126;01 12 20 24 27 32 39 40 41 44 45 63 65 67 70 73 79 82 85 89;82;82
23/10/2021 20:00;127;02 04 22 24 28 33 38 45 46 52 53 56 58 60 61 62 65 72 78 79;58;58
26/10/2021 20:00;128;01 04 06 09 15 17 20 21 24 29 32 35 43 45 58 72 78 80 89 90;43;43
28/10/2021 20:00;129;02 05 06 11 23 24 32 48 51 52 54 57 64 70 77 78 83 84 87 88;52;52
30/10/2021 20:00;130;01 09 11 14 17 29 30 40 41 52 55 58 61 63 65 71 72 77 79 82;17;17
02/11/2021 20:00;131;07 10 11 15 16 33 35 42 45 47 48 61 62 72 77 78 84 85 86 89;15;15
04/11/2021 20:00;132;02 06 08 10 12 13 18 26 36 47 56 59 60 68 69 73 76 77 79 84;84;84
06/11/2021 20:00;133;05 07 14 15 17 18 20 22 26 32 44 46 51 57 59 60 76 78 84 86;44;44
09/11/2021 20:00;134;12 16 26 27 28 29 38 43 44 45 48 53 54 62 64 68 70 76 79 83;70;70
11/11/2021 20:00;135;07 12 18 22 27 31 33 36 37 38 41 43 55 57 62 63 69 73 74 79;31;31
13/11/2021 20:00;136;04 06 08 10 20 21 39 45 46 47 50 55 74 78 79 81 83 85 86 89;20;20
16/11/2021 20:00;137;03 09 11 16 21 23 24 26 31 32 33 36 37 43 48 51 54 55 70 88;43;43
18/11/2021 20:00;138;10 14 15 18 19 26 27 32 34 36 42 64 65 69 73 76 80 86 89 90;69;69
20/11/2021 20:00;139;02 03 04 12 22 23 27 33 45 46 48 51 52 53 59 66 76 83 86 88;83;83
23/11/2021 20:00;140;02 03 08 09 11 15 19 29 30 32 34 40 44 48 72 73 76 81 82 84;3;3
25/11/2021 20:00;141;03 05 06 08 17 25 33 37 39 49 52 63 67 70 77 79 81 83 85 87;25;25
27/11/2021 20:00;142;02 04 17 25 29 33 36 37 38 41 42 45 46 50 57 64 78 79 83 86;64;64
30/11/2021 20:00;143;03 07 08 12 14 16 18 26 48 52 55 57 61 65 69 80 81 85 86 88;26;26
02/12/2021 20:00;144;11 18 23 26 29 30 32 34 35 39 43 46 51 60 68 72 73 77 82 90;35;35
04/12/2021 20:00;145;07 09 10 11 15 26 29 31 33 47 49 64 67 71 72 74 78 80 84 85;64;64
07/12/2021 20:00;146;06 10 15 22 28 30 32 35 36 51 54 59 67 69 72 75 79 86 88 90;72;72
09/12/2021 20:00;147;02 03 10 13 16 19 20 26 36 43 59 62 67 69 73 75 77 82 85 86;16;16
11/12/2021 20:00;148;05 11 16 17 22 35 37 39 41 51 56 57 63 73 74 77 80 84 88 89;89;89
14/12/2021 20:00;149;01 03 10 11 12 24 27 28 29 33 35 42 45 50 65 68 73 80 87 89;80;80
16/12/2021 20:00;150;09 14 22 25 28 29 32 42 43 44 46 48 52 55 61 69 70 81 82 90;44;44
18/12/2021 20:00;151;03 05 06 07 32 33 34 36 38 43 49 53 55 56 59 62 63 66 74 82;33;33
21/12/2021 20:00;152;18 23 33 34 35 37 38 52 53 55 57 59 64 65 71 73 77 79 81 90;90;90
23/12/2021 20:00;153;02 10 11 16 28 29 30 31 33 41 42 45 49 57 58 64 65 70 75 89;58;58
27/12/2021 20:00;154;01 06 07 14 17 18 30 36 39 42 44 45 46 58 61 66 68 74 76 84;44;44
28/12/2021 20:00;155;06 11 13 17 18 27 37 41 50 52 57 61 64 66 75 82 83 84 89 90;61;61
30/12/2021 20:00;156;04 06 07 09 15 16 24 32 36 45 48 54 57 61 66 69 70 75 88 89;89;89
03/01/2022 20:00;1;09 16 17 19 28 30 34 38 48 49 56 57 58 64 70 73 74 79 87 89;49;49
04/01/2022 20:00;2;10 11 13 18 21 30 36 37 38 43 46 48 63 68 70 71 75 77 78 90;13;13
07/01/2022 20:00;3;01 16 36 37 40 42 45 46 48 53 58 59 60 62 74 75 79 80 84 89;62;62
08/01/2022 20:00;4;02 16 17 19 22 23 30 31 37 41 56 62 66 69 72 78 82 86 87 88;41;41
11/01/2022 20:00;5;01 04 07 08 12 19 23 28 39 40 44 46 55 58 60 62 64 79 88 90;39;39
13/01/2022 20:00;6;02 03 10 11 25 26 33 41 47 49 55 68 71 72 73 78 83 86 88 90;83;83
15/01/2022 20:00;7;01 02 06 14 15 18 19 42 44 47 57 63 68 70 73 76 78 81 85 88;1;1
18/01/2022 20:00;8;04 10 16 23 24 28 36 37 43 48 54 55 57 65 68 74 76 78 82 90;76;76
20/01/2022 20:00;9;10 13 14 19 23 34 39 44 49 54 57 63 67 69 77 78 79 83 85 87;83;83
22/01/2022 20:00;10;01 13 14 17 19 22 29 30 32 33 34 37 47 55 56 68 73 81 84 88;55;55
25/01/2022 20:00;11;04 09 15 16 21 26 28 32 36 42 43 44 51 54 71 74 76 78 81 88;74;74
27/01/2022 20:00;12;05 19 20 23 31 32 34 36 38 42 47 48 58 59 62 69 71 73 78 89;69;69
29/01/2022 20:00;13;01 03 13 14 15 17 23 34 38 42 47 54 63 64 66 68 71 86 87 88;88;88
01/02/2022 20:00;14;01 06 19 20 24 29 30 39 44 54 57 60 68 70 73 74 75 82 86 90;6;6
03/02/2022 20:00;15;01 06 08 11 27 32 34 39 50 52 54 58 62 63 64 70 74 75 76 87;54;54
05/02/2022 20:00;16;07 11 12 19 21 25 26 30 32 46 47 57 58 61 62 70 73 79 85 87;25;25
08/02/2022 20:00;17;09 11 13 14 19 22 27 29 34 37 39 43 55 60 66 69 81 83 85 89;19;19
10/02/2022 20:00;18;02 03 04 05 06 32 35 38 43 45 48 55 65 67 69 73 75 79 83 87;55;55
12/02/2022 20:00;19;03 07 08 11 28 32 38 41 47 49 51 59 61 69 71 79 82 84 85 90;8;8
15/02/2022 20:00;20;04 16 19 26 30 42 46 51 52 53 54 55 57 67 70 72 77 83 87 89;52;52
17/02/2022 20:00;21;01 02 04 07 09 12 16 31 36 39 40 43 44 49 53 57 64 65 69 86;7;7
19/02/2022 20:00;22;03 06 14 15 20 21 22 23 27 28 29 30 36 59 68 71 76 77 81 82;23;23
22/02/2022 20:00;23;06 07 10 11 14 21 35 36 43 44 52 55 60 71 72 77 81 83 88 89;35;35
24/02/2022 20:00;24;02 03 11 12 21 25 32 33 36 41 46 57 61 64 65 67 74 75 82 87;46;46
26/02/2022 20:00;25;05 13 15 20 24 28 32 36 39 40 46 47 56 58 63 69 84 85 87 89;87;87
01/03/2022 20:00;26;02 05 14 17 24 30 31 49 52 53 54 60 61 67 68 69 72 78 88 89;61;61
03/03/2022 20:00;27;01 02 04 05 11 17 18 26 29 33 47 48 50 52 56 57 59 72 75 90;11;11
05/03/2022 20:00;28;06 15 16 18 20 26 32 35 36 39 40 46 48 49 63 65 71 76 83 89;89;89
08/03/2022 20:00;29;02 06 08 20 24 28 29 30 33 36 39 40 42 44 62 69 71 77 81 82;8;8
10/03/2022 20:00;30;02 03 04 07 14 23 24 27 28 29 30 48 53 61 69 73 80 84 88 90;73;73
12/03/2022 20:00;31;02 07 11 17 18 21 22 27 35 49 52 53 55 62 63 65 77 86 87 90;7;7
15/03/2022 20:00;32;03 06 12 18 23 27 28 29 34 37 38 40 41 42 48 49 59 62 74 89;49;49
17/03/2022 20:00;33;01 04 07 10 17 26 28 35 41 48 49 55 56 61 66 68 75 79 83 85;10;10
19/03/2022 20:00;34;02 03 06 10 13 25 35 41 46 48 51 55 63 64 67 69 73 74 78 90;48;48
22/03/2022 20:00;35;07 11 15 16 21 22 27 30 36 39 57 61 65 69 73 74 75 77 82 89;22;22
24/03/2022 20:00;36;02 12 24 26 31 33 35 39 44 45 46 48 53 56 58 62 73 76 85 89;53;53
26/03/2022 20:00;37;05 06 07 15 20 28 29 34 43 49 52 61 64 65 69 74 75 83 84 85;28;28
29/03/2022 20:00;38;02 04 12 17 19 21 23 24 29 41 42 49 52 54 56 58 61 83 89 90;54;54
31/03/2022 20:00;39;03 11 16 21 28 29 35 36 41 45 58 62 63 67 68 71 75 80 84 87;41;41
02/04/2022 20:00;40;01 04 07 11 19 24 29 35 38 41 42 44 49 54 62 65 66 72 79 84;35;35
05/04/2022 20:00;41;05 10 11 13 14 15 17 18 28 31 33 35 44 48 52 54 62 78 79 87;28;28
07/04/2022 20:00;42;04 17 20 22 23 25 26 29 31 33 43 54 58 64 78 79 81 84 85 90;85;85
09/04/2022 20:00;43;10 13 15 22 25 31 34 35 41 42 44 45 54 58 68 73 76 80 82 85;25;25
12/04/2022 20:00;44;01 04 05 10 16 18 20 21 25 33 35 39 43 44 50 58 61 68 73 90;61;61
14/04/2022 20:00;45;06 08 12 22 25 32 41 42 48 49 54 61 64 70 71 72 78 83 87 89;54;54
16/04/2022 20:00;46;01 02 03 05 08 14 15 16 18 29 30 39 47 58 60 61 72 81 89 90;47;47
19/04/2022 20:00;47;04 07 12 18 19 20 22 23 27 36 45 51 53 54 56 58 68 76 85 88;36;36
21/04/2022 20:00;48;07 08 11 14 19 23 27 28 35 37 38 44 46 51 56 75 76 77 83 84;37;37
23/04/2022 20:00;49;10 17 19 20 23 30 31 45 47 53 54 59 66 76 77 81 82 85 86 90;82;82
26/04/2022 20:00;50;01 02 03 07 09 13 17 40 46 51 52 54 55 58 61 74 82 86 88 90;58;58
28/04/2022 20:00;51;02 09 10 13 17 24 26 27 31 37 40 41 50 51 53 58 59 68 75 85;10;10
30/04/2022 20:00;52;02 05 09 15 16 24 28 42 47 49 51 53 64 65 73 75 76 78 85 87;47;47
03/05/2022 20:00;53;05 12 17 18 34 35 37 38 43 46 54 62 64 66 67 69 72 80 84 90;80;80
05/05/2022 20:00;54;04 05 11 15 16 27 30 32 33 37 39 45 47 48 61 66 67 71 73 86;67;67
07/05/2022 20:00;55;01 14 21 25 28 29 31 34 39 46 51 52 54 57 62 63 72 74 75 82;34;34
10/05/2022 20:00;56;16 26 33 41 43 49 50 55 56 58 59 67 69 72 74 76 77 78 79 90;49;49
12/05/2022 20:00;57;03 04 08 09 14 17 22 25 26 32 41 42 43 46 49 51 60 62 80 88;51;51
14/05/2022 20:00;58;09 11 13 22 40 41 44 47 48 49 50 62 63 64 71 73 77 81 84 87;47;47
17/05/2022 20:00;59;04 05 08 14 16 21 22 23 24 30 31 38 50 51 71 72 74 80 83 85;16;16
19/05/2022 20:00;60;03 04 07 10 13 14 21 23 25 29 32 33 41 42 51 54 57 59 86 89;32;32
21/05/2022 20:00;61;07 08 11 19 20 21 27 28 33 36 42 48 66 70 73 76 78 79 84 88;42;42
24/05/2022 20:00;62;08 09 20 36 40 50 53 54 56 59 62 63 72 74 77 80 81 86 88 90;81;81
26/05/2022 20:00;63;01 04 07 32 37 41 43 44 47 53 55 56 57 58 64 67 79 86 88 89;89;89
28/05/2022 20:00;64;02 09 10 12 14 23 30 32 38 43 44 56 60 72 74 80 82 83 86 88;74;74
31/05/2022 20:00;65;01 02 11 12 13 18 19 20 21 23 37 38 39 41 48 56 72 74 75 90;12;12
03/06/2022 20:00;66;01 13 21 29 30 34 39 43 44 47 55 56 62 63 67 71 76 84 89 90;76;76
04/06/2022 20:00;67;01 03 05 09 10 13 19 20 31 36 39 40 45 58 63 68 70 76 79 86;86;86
07/06/2022 20:00;68;02 03 04 07 11 27 28 32 39 44 52 54 56 57 59 60 69 70 78 90;2;2
09/06/2022 20:00;69;02 06 12 15 18 21 32 39 42 45 49 56 58 60 65 66 71 74 79 81;66;66
11/06/2022 20:00;70;02 03 06 19 24 29 34 37 38 43 44 45 55 60 65 72 77 80 84 89;29;29
14/06/2022 20:00;71;02 04 05 16 34 36 39 44 46 48 53 61 62 66 73 77 82 87 88 90;34;34
16/06/2022 20:00;72;04 05 09 14 15 18 28 39 42 49 58 60 61 68 70 76 78 83 85 90;15;15
18/06/2022 20:00;73;03 04 06 08 09 10 16 18 19 29 36 39 43 64 71 73 75 81 83 84;8;8
21/06/2022 20:00;74;08 09 11 15 29 39 50 52 57 58 60 62 68 70 71 73 77 81 83 88;58;58
23/06/2022 20:00;75;05 06 07 23 26 34 36 37 40 42 51 55 57 67 69 74 75 79 80 88;55;55
25/06/2022 20:00;76;04 06 11 14 18 22 25 27 32 33 40 41 50 64 65 73 74 78 79 86;86;86
28/06/2022 20:00;77;07 08 09 12 14 17 18 20 23 38 39 42 54 60 64 72 78 83 84 87;39;39
30/06/2022 20:00;78;17 20 30 31 34 35 42 46 47 49 54 55 66 67 69 70 76 79 80 83;54;54
02/07/2022 20:00;79;12 23 25 38 39 41 44 49 51 53 58 65 67 79 81 82 83 85 86 90;49;49
05/07/2022 20:00;80;01 07 11 17 22 23 29 35 36 37 39 43 48 59 63 69 71 76 77 88;29;29
07/07/2022 20:00;81;04 10 11 14 22 23 41 43 46 47 52 54 56 66 74 76 77 80 87 89;47;47
09/07/2022 20:00;82;02 07 12 27 29 32 33 37 38 40 42 43 45 48 52 56 60 73 76 80;80;80
12/07/2022 20:00;83;02 07 08 13 17 24 27 28 31 33 39 40 47 53 57 58 62 65 73 86;62;62
14/07/2022 20:00;84;01 06 12 24 25 31 36 42 46 47 49 52 57 60 61 75 76 81 86 87;6;6
16/07/2022 20:00;85;04 17 18 19 29 32 40 43 49 51 54 56 61 71 76 82 85 88 89 90;18;18
19/07/2022 20:00;86;09 13 16 22 39 42 45 49 50 51 52 56 58 64 65 66 68 71 73 76;9;9
21/07/2022 20:00;87;05 10 16 19 21 28 30 33 49 50 51 56 57 59 60 64 69 73 85 90;10;10
23/07/2022 20:00;88;02 05 07 10 18 21 23 25 27 30 31 40 41 45 52 70 72 77 86 87;21;21
26/07/2022 20:00;89;05 13 20 22 25 30 33 34 42 49 50 60 62 65 69 81 85 87 88 89;25;25
28/07/2022 20:00;90;03 06 08 10 13 16 21 23 27 35 42 58 62 66 67 68 71 79 81 85;58;58
30/07/2022 20:00;91;05 14 19 24 28 29 31 40 43 48 49 54 55 60 63 81 84 86 87 88;14;14
02/08/2022 20:00;92;04 10 15 17 24 26 27 32 53 55 57 58 63 65 68 77 80 84 86 88;80;80
04/08/2022 20:00;93;01 09 10 12 18 22 23 24 29 45 48 51 61 66 71 76 77 78 79 90;18;18
06/08/2022 20:00;94;05 07 15 20 29 30 34 36 45 46 52 56 57 62 63 67 69 70 74 79;57;57
09/08/2022 20:00;95;05 13 14 19 20 24 25 26 30 32 34 38 43 49 52 64 66 73 75 76;25;25
11/08/2022 20:00;96;02 04 05 06 18 19 22 27 38 47 52 53 57 66 68 69 70 76 79 90;66;66
13/08/2022 20:00;97;04 05 10 15 19 20 28 32 35 43 48 54 57 58 62 65 70 73 81 84;73;73
16/08/2022 20:00;98;04 16 22 23 26 30 37 43 44 49 51 56 57 58 59 64 69 74 79 85;69;69
18/08/2022 20:00;99;05 09 12 13 26 28 42 43 57 59 67 71 72 74 76 77 79 86 87 88;76;76
20/08/2022 20:00;100;03 05 10 12 14 21 24 29 36 37 38 43 48 55 64 68 73 75 80 86;73;73
23/08/2022 20:00;101;01 02 11 20 30 31 32 35 39 40 42 43 45 50 53 64 71 74 81 87;30;30
25/08/2022 20:00;102;01 06 15 16 26 29 30 31 34 37 38 44 47 53 58 65 71 72 73 74;53;53
27/08/2022 20:00;103;03 05 07 08 17 21 26 28 40 42 46 47 52 54 63 65 66 69 81 88;8;8
30/08/2022 20:00;104;01 02 08 09 13 14 18 19 20 30 35 36 42 43 52 61 77 81 82 83;1;1
01/09/2022 20:00;105;01 08 09 29 31 37 44 48 50 59 61 63 64 67 74 76 77 86 89 90;37;37
03/09/2022 20:00;106;08 17 18 26 27 28 29 37 38 45 58 63 66 69 70 71 73 83 88 90;71;71
06/09/2022 20:00;107;09 11 17 19 38 39 41 42 49 52 61 64 68 71 72 73 79 80 82 90;80;80
08/09/2022 20:00;108;02 03 06 18 22 29 34 43 44 51 53 54 59 60 63 67 72 81 82 86;43;43
10/09/2022 20:00;109;02 07 16 17 18 22 26 30 37 39 47 53 60 67 69 74 78 81 83 85;16;16
13/09/2022 20:00;110;05 09 10 11 14 17 18 19 21 22 24 25 43 45 52 53 55 68 77 85;9;9
15/09/2022 20:00;111;03 04 06 13 20 21 24 31 41 42 46 51 56 59 70 72 74 78 83 86;20;20
17/09/2022 20:00;112;17 19 25 26 27 32 42 43 47 48 54 57 58 62 63 65 70 73 76 79;17;17
20/09/2022 20:00;113;04 05 17 18 19 23 26 29 31 35 42 43 46 53 67 70 73 75 80 84;84;84
22/09/2022 20:00;114;01 02 06 09 14 16 17 27 38 46 47 51 56 63 65 66 70 73 86 88;63;63
24/09/2022 20:00;115;03 12 15 18 19 20 25 28 29 35 36 47 49 50 51 52 56 61 83 88;25;25
27/09/2022 20:00;116;04 05 07 14 19 24 26 29 33 38 41 48 57 64 65 66 68 86 88 89;41;41
29/09/2022 20:00;117;03 07 09 21 26 35 40 44 45 50 56 60 61 69 70 73 80 88 89 90;80;80
01/10/2022 20:00;118;03 05 27 31 35 36 37 38 44 46 53 54 58 64 65 67 73 76 79 86;67;67
04/10/2022 20:00;119;16 18 22 25 27 30 32 36 38 41 43 44 52 53 68 69 71 77 84 87;38;38
06/10/2022 20:00;120;01 02 03 04 08 11 12 19 23 29 49 53 56 59 64 75 76 82 84 89;29;29
08/10/2022 20:00;121;01 05 11 14 28 31 36 48 51 54 60 61 63 64 66 68 72 76 85 89;85;85
11/10/2022 20:00;122;03 08 09 20 21 22 24 27 28 34 36 38 39 47 49 56 62 69 79 84;79;79
13/10/2022 20:00;123;01 03 05 06 15 24 25 27 41 44 52 57 59 60 61 66 67 69 73 75;75;75
15/10/2022 20:00;124;05 06 07 14 21 23 25 30 31 38 39 44 45 47 48 50 51 64 83 90;23;23
18/10/2022 20:00;125;02 10 29 30 32 35 37 39 42 47 56 63 67 70 72 80 81 83 86 88;2;2
20/10/2022 20:00;126;12 18 23 28 31 34 38 45 51 53 54 58 67 73 78 79 81 85 87 89;23;23
22/10/2022 20:00;127;03 05 07 11 20 23 24 27 29 34 37 39 44 46 53 65 71 79 80 87;24;24
25/10/2022 20:00;128;02 06 09 20 23 24 32 37 38 42 58 66 68 69 71 77 79 81 87 90;71;71
27/10/2022 20:00;129;05 06 13 17 31 33 35 46 53 56 57 60 63 64 78 82 86 87 88 90;5;5
29/10/2022 20:00;130;02 08 10 12 14 17 19 26 27 38 40 45 70 72 77 79 86 87 88 90;79;79
02/11/2022 20:00;131;02 04 05 07 09 10 13 20 22 24 30 40 56 57 60 64 66 68 75 77;66;66
03/11/2022 20:00;132;02 07 10 11 14 23 26 30 34 43 46 52 54 56 58 59 60 63 65 77;23;23
05/11/2022 20:00;133;09 10 17 18 19 23 28 32 38 39 41 45 50 51 52 57 61 65 84 89;84;84
08/11/2022 20:00;134;03 07 08 11 13 17 21 23 25 30 41 58 64 68 69 73 74 79 81 84;3;3
10/11/2022 20:00;135;01 04 05 18 27 33 43 44 48 55 61 64 65 67 70 71 77 80 84 90;43;43
12/11/2022 20:00;136;01 04 05 10 11 15 18 20 24 26 30 39 46 57 70 72 75 80 84 86;75;75
15/11/2022 20:00;137;01 08 11 13 15 22 24 31 35 37 40 43 45 47 56 62 77 78 80 84;62;62
17/11/2022 20:00;138;04 08 11 14 20 22 26 33 38 43 49 55 57 61 66 70 71 74 83 84;20;20
19/11/2022 20:00;139;01 16 22 23 28 32 40 43 55 59 60 66 70 73 74 75 80 84 88 90;74;74
22/11/2022 20:00;140;01 14 17 22 24 31 34 43 44 45 49 51 62 69 71 79 82 85 86 90;85;85
24/11/2022 20:00;141;03 07 11 14 17 19 25 40 41 50 51 57 69 70 75 76 80 85 87 88;11;11
26/11/2022 20:00;142;07 08 10 33 34 39 40 42 43 48 51 54 57 63 66 70 80 85 86 87;34;34
29/11/2022 20:00;143;05 10 15 20 23 30 36 37 46 49 50 52 61 62 67 68 71 74 77 83;30;30
01/12/2022 20:00;144;06 07 10 15 21 22 23 30 35 40 48 49 53 59 63 70 72 74 78 86;74;74
03/12/2022 20:00;145;01 06 09 21 37 39 40 41 43 49 50 58 63 64 66 70 77 78 79 89;21;21
06/12/2022 20:00;146;11 22 28 30 32 33 36 41 47 54 57 63 65 66 72 74 76 79 80 90;36;36
09/12/2022 20:00;147;08 11 14 16 27 38 40 41 44 47 55 59 61 63 68 74 75 78 83 86;38;38
10/12/2022 20:00;148;07 17 21 25 28 37 39 40 43 49 51 54 62 64 67 70 75 82 87 90;62;62
13/12/2022 20:00;149;09 10 14 17 28 35 36 37 42 43 45 52 66 71 72 73 77 84 89 90;9;9
15/12/2022 20:00;150;13 15 20 25 31 44 45 48 50 51 56 57 71 77 79 82 83 84 86 87;84;84
17/12/2022 20:00;151;07 08 15 20 23 26 29 37 38 39 40 45 54 59 63 73 74 82 86 89;74;74
20/12/2022 20:00;152;02 03 07 11 23 24 25 27 34 39 45 46 54 60 64 66 78 85 86 89;11;11
22/12/2022 20:00;153;14 17 18 21 26 27 33 39 42 46 50 53 58 59 68 69 73 74 82 89;18;18
24/12/2022 20:00;154;04 07 08 11 12 28 30 39 42 46 50 51 56 62 64 67 70 77 80 82;42;42
27/12/2022 20:00;155;05 09 13 26 32 34 35 40 41 47 50 54 55 57 61 62 67 78 83 85;35;35
29/12/2022 20:00;156;03 11 14 20 25 34 43 45 46 53 55 62 64 66 67 73 74 78 85 90;46;46
31/12/2022 20:00;157;01 05 09 10 16 18 33 39 40 42 47 48 56 58 76 77 78 81 85 87;5;5
03/01/2023 20:00;1;01 06 15 17 18 27 30 38 39 40 49 51 55 57 60 66 74 80 83 90;18;18
05/01/2023 20:00;2;11 12 15 17 19 20 23 24 29 31 35 36 41 46 51 55 62 65 71 80;71;71
07/01/2023 20:00;3;01 06 13 16 20 21 24 25 31 42 53 54 55 56 58 60 75 79 84 85;42;42
10/01/2023 20:00;4;04 06 10 12 15 16 19 20 21 24 27 32 36 38 41 59 60 61 72 90;36;36
12/01/2023 20:00;5;01 05 09 11 13 22 27 28 29 31 32 50 52 58 59 62 68 75 88 90;58;58
14/01/2023 20:00;6;03 13 15 16 27 29 31 33 38 40 41 50 55 58 65 70 71 79 88 90;70;70
17/01/2023 20:00;7;06 09 11 13 22 25 31 33 37 51 55 63 68 69 71 72 79 80 81 88;68;68
19/01/2023 20:00;8;02 03 07 09 39 48 49 51 55 56 57 62 64 67 70 72 75 76 81 88;51;51
21/01/2023 20:00;9;05 08 11 22 23 31 46 54 55 57 59 61 62 66 73 77 83 86 88 89;59;59
24/01/2023 20:00;10;09 11 14 17 20 22 27 34 35 48 56 57 63 64 67 75 78 84 86 87;78;78
26/01/2023 20:00;11;01 04 06 08 11 23 24 25 27 39 44 47 49 52 61 63 79 84 85 87;47;47
28/01/2023 20:00;12;09 13 14 15 18 34 39 49 50 57 60 65 72 74 75 76 77 80 88 90;49;49
31/01/2023 20:00;13;10 13 17 18 22 28 37 41 55 58 59 66 68 71 77 78 79 82 84 85;10;10
02/02/2023 20:00;14;01 04 06 08 11 14 19 23 27 30 55 59 64 72 73 76 79 80 82 84;80;80
04/02/2023 20:00;15;16 24 28 31 32 37 43 47 48 52 56 57 58 59 64 67 71 76 84 90;37;37
07/02/2023 20:00;16;09 13 14 16 25 33 35 44 52 53 64 69 72 73 75 76 82 84 85 87;69;69
09/02/2023 20:00;17;02 09 12 13 24 25 27 35 38 40 41 49 50 51 54 58 59 67 82 88;51;51
11/02/2023 20:00;18;01 10 11 18 22 27 29 33 34 39 41 50 54 58 60 61 73 79 86 88;1;1
14/02/2023 20:00;19;02 10 14 26 30 33 42 45 48 57 58 60 67 71 81 82 83 86 87 88;88;88
16/02/2023 20:00;20;03 12 22 23 26 27 36 38 42 48 50 53 54 56 57 61 64 67 71 88;54;54
18/02/2023 20:00;21;04 06 10 13 20 23 24 25 27 31 32 45 50 55 71 75 79 82 87 88;88;88
21/02/2023 20:00;22;07 14 20 33 36 38 39 41 42 43 52 53 54 56 61 64 66 68 82 85;66;66
23/02/2023 20:00;23;01 05 12 18 22 23 24 27 37 38 42 64 66 67 68 70 73 75 78 84;70;70
25/02/2023 20:00;24;01 04 11 13 18 21 22 38 41 42 45 55 65 68 73 76 79 80 83 87;13;13
28/02/2023 20:00;25;01 03 05 10 18 20 23 32 40 43 47 48 54 61 70 72 74 76 84 87;1;1
02/03/2023 20:00;26;04 05 12 26 32 41 45 51 57 62 66 70 72 73 76 79 82 83 85 87;5;5
04/03/2023 20:00;27;03 10 12 14 17 29 33 36 42 48 49 57 59 62 67 70 76 80 85 90;67;67
07/03/2023 20:00;28;05 07 12 19 21 24 31 38 39 47 50 63 67 72 79 81 82 83 84 87;7;7
09/03/2023 20:00;29;03 05 08 10 23 27 29 30 31 42 47 48 54 55 66 79 83 87 88 89;66;66
11/03/2023 20:00;30;04 13 14 19 27 37 38 39 40 42 43 46 49 50 51 56 57 70 74 86;27;27
14/03/2023 20:00;31;03 08 23 24 25 39 41 43 44 48 53 54 57 61 64 67 70 73 78 84;41;41
16/03/2023 20:00;32;01 06 09 13 16 17 18 23 28 33 35 42 45 54 58 64 73 83 86 89;54;54
18/03/2023 20:00;33;01 05 06 13 15 20 28 29 37 47 60 61 63 66 67 71 77 78 79 80;20;20
21/03/2023 20:00;34;03 08 10 14 17 26 30 31 36 38 52 64 70 73 74 75 82 85 87 90;87;87
23/03/2023 20:00;35;02 13 18 30 31 33 35 36 42 48 53 60 62 70 72 74 76 79 82 84;35;35
25/03/2023 20:00;36;01 02 06 12 14 15 19 20 25 26 28 29 37 40 43 49 50 56 69 77;14;14
28/03/2023 20:00;37;03 04 08 14 19 21 38 47 48 52 57 58 60 61 70 75 83 84 86 87;75;75
30/03/2023 20:00;38;01 07 15 16 18 19 22 25 27 37 48 54 57 61 63 70 71 74 76 85;85;85
01/04/2023 20:00;39;03 06 14 15 16 20 35 36 38 43 45 46 48 52 61 65 66 71 76 82;52;52
04/04/2023 20:00;40;09 16 17 18 19 20 26 35 40 41 44 46 53 63 65 73 76 77 85 90;77;77
06/04/2023 20:00;41;07 20 23 24 26 27 28 31 33 41 42 46 51 68 70 71 72 73 77 82;73;73
08/04/2023 20:00;42;01 03 05 09 15 22 23 24 33 48 49 52 55 60 71 72 73 75 78 82;24;24
11/04/2023 20:00;43;05 06 07 11 21 22 24 30 31 39 46 50 51 61 65 73 78 81 83 87;51;51
13/04/2023 20:00;44;03 05 07 12 22 23 30 31 34 35 37 40 43 55 57 68 74 76 80 88;7;7
15/04/2023 20:00;45;05 11 13 14 15 23 25 27 29 36 52 54 57 61 62 68 69 77 83 90;23;23
18/04/2023 20:00;46;09 11 12 13 16 22 30 37 38 43 46 54 59 66 71 72 79 82 83 84;54;54
20/04/2023 20:00;47;07 10 12 13 25 27 29 30 32 39 40 43 45 51 63 65 68 69 77 90;65;65
22/04/2023 20:00;48;02 07 08 12 14 30 33 39 43 46 53 57 64 69 74 76 81 85 87 89;69;69
26/04/2023 20:00;49;02 07 08 12 17 22 23 26 32 44 46 47 60 69 72 73 77 80 81 84;73;73
27/04/2023 20:00;50;17 20 22 28 31 34 35 39 43 51 52 60 62 65 72 77 79 81 83 89;83;83
29/04/2023 20:00;51;01 23 27 29 30 35 37 38 44 47 54 55 59 61 67 74 75 77 87 90;47;47
02/05/2023 20:00;52;03 04 05 09 15 17 24 25 26 29 41 49 55 64 67 71 72 85 88 90;67;67
04/05/2023 20:00;53;06 11 13 15 16 18 20 21 35 41 49 51 57 70 71 78 79 84 86 87;87;87
06/05/2023 20:00;54;02 04 12 20 30 35 36 37 39 48 54 56 58 59 65 69 72 76 81 82;54;54
09/05/2023 20:00;55;01 02 04 10 14 24 26 28 33 36 37 42 43 48 61 65 68 76 78 89;68;68
11/05/2023 20:00;56;01 03 12 21 24 34 36 43 44 45 51 55 56 58 59 62 71 72 73 80;51;51
13/05/2023 20:00;57;02 08 13 15 19 22 26 29 30 33 39 42 53 55 60 61 68 70 73 80;60;60
16/05/2023 20:00;58;03 05 13 14 15 19 21 24 37 38 39 41 45 48 52 57 68 71 83 88;21;21
18/05/2023 20:00;59;02 06 08 17 32 33 34 39 44 46 47 49 52 54 61 65 70 86 89 90;44;44
20/05/2023 20:00;60;01 02 03 22 23 25 28 29 31 42 44 46 48 54 64 66 71 83 87 89;22;22
23/05/2023 20:00;61;05 09 13 17 29 31 32 35 36 41 50 61 66 67 71 74 80 83 84 86;31;31
25/05/2023 20:00;62;05 17 20 21 30 33 36 37 41 47 49 50 51 58 68 71 78 81 84 87;36;36
27/05/2023 20:00;63;10 14 17 20 25 34 39 45 48 51 54 56 57 62 63 69 70 72 85 86;54;54
30/05/2023 20:00;64;03 04 08 16 26 31 34 36 40 47 51 56 57 62 67 68 71 72 78 86;40;40
01/06/2023 20:00;65;03 05 08 09 14 19 21 32 34 43 44 47 49 50 54 58 60 72 74 82;34;34
03/06/2023 20:00;66;01 06 09 17 22 33 35 48 51 54 55 57 59 63 68 73 78 81 89 90;35;35
06/06/2023 20:00;67;08 11 16 20 21 23 26 29 31 44 45 50 57 59 63 68 72 73 78 87;63;63
08/06/2023 20:00;68;01 05 10 13 16 17 21 24 28 29 36 37 39 40 56 57 65 68 73 77;21;21
10/06/2023 20:00;69;01 02 04 06 10 13 14 21 22 23 24 27 29 44 54 61 66 67 70 83;27;27
13/06/2023 20:00;70;10 11 29 31 33 35 36 41 50 52 53 55 61 62 63 67 74 76 79 88;35;35
15/06/2023 20:00;71;05 11 12 13 16 25 29 31 33 36 38 41 48 54 66 71 73 77 82 89;12;12
17/06/2023 20:00;72;02 03 11 12 17 20 26 28 40 50 51 52 55 63 66 76 80 82 87 88;88;88
20/06/2023 20:00;73;03 10 13 31 36 38 39 40 41 47 61 68 70 73 76 77 79 81 86 90;41;41
22/06/2023 20:00;74;01 03 05 09 12 14 20 34 42 51 64 66 67 69 72 74 80 81 85 86;5;5
24/06/2023 20:00;75;10 13 25 27 28 32 35 36 37 42 55 57 60 61 64 66 67 71 85 86;85;85
27/06/2023 20:00;76;05 08 13 14 21 25 35 36 38 40 43 48 63 72 73 74 80 81 82 84;73;73
29/06/2023 20:00;77;01 05 06 08 11 16 22 23 24 31 38 52 54 59 60 73 74 81 88 89;59;59
01/07/2023 20:00;78;04 09 10 12 14 16 18 22 23 33 38 52 64 65 67 69 71 79 83 85;67;67
04/07/2023 20:00;79;01 08 11 15 19 33 41 44 46 47 51 56 62 69 70 72 79 81 86 87;11;11
06/07/2023 20:00;80;01 03 11 13 16 21 30 31 35 37 40 43 52 54 59 60 62 69 75 79;62;62
07/07/2023 20:00;81;01 04 08 10 14 16 18 23 33 38 40 41 47 52 53 54 62 69 76 84;47;47
08/07/2023 20:00;82;07 08 10 13 22 32 33 35 45 47 53 56 60 62 64 73 75 76 82 83;83;83
11/07/2023 20:00;83;05 07 13 23 27 31 37 44 49 54 57 62 67 68 71 74 84 85 86 88;62;62
13/07/2023 20:00;84;04 06 10 17 18 19 24 37 44 45 51 54 57 61 66 67 71 75 82 85;17;17
14/07/2023 20:00;85;04 05 12 15 16 18 22 28 38 40 45 46 47 48 58 60 66 68 69 86;66;66
15/07/2023 20:00;86;04 07 11 19 21 26 31 33 38 47 48 49 69 73 76 78 79 84 85 88;19;19
18/07/2023 20:00;87;06 10 12 14 15 17 26 27 43 49 51 57 60 65 68 72 75 76 85 90;65;65
20/07/2023 20:00;88;01 09 10 11 16 19 31 32 42 53 59 63 67 68 71 74 84 85 87 90;10;10
21/07/2023 20:00;89;02 08 10 13 17 22 26 32 36 40 43 44 48 49 50 53 61 67 70 84;61;61
22/07/2023 20:00;90;03 05 11 20 21 26 27 36 40 43 48 50 59 66 69 70 77 79 81 82;21;21
25/07/2023 20:00;91;03 06 07 12 15 22 26 34 38 43 50 61 63 67 73 76 80 82 84 85;80;80
27/07/2023 20:00;92;07 11 12 14 17 19 34 39 40 44 52 56 57 60 64 65 79 80 81 87;81;81
28/07/2023 20:00;93;05 08 23 26 27 28 30 34 38 39 44 46 50 52 54 56 60 63 65 76;46;46
29/07/2023 20:00;94;01 02 10 14 16 24 31 40 45 49 50 53 58 59 67 70 78 81 84 87;59;59
01/08/2023 20:00;95;03 05 16 23 27 38 39 50 54 62 68 71 72 74 77 78 80 81 83 85;68;68
03/08/2023 20:00;96;04 05 06 07 08 22 24 36 37 43 47 48 49 54 61 63 70 73 83 90;47;47
04/08/2023 20:00;97;01 04 16 19 26 28 33 35 41 47 52 53 55 58 67 70 73 81 83 87;35;35
05/08/2023 20:00;98;02 03 05 07 08 10 12 14 25 27 32 38 54 62 66 77 83 86 87 88;14;14
08/08/2023 20:00;99;05 10 24 27 30 31 35 36 44 45 46 53 56 57 60 72 73 87 88 90;46;46
10/08/2023 20:00;100;01 03 10 14 23 30 31 34 44 46 49 51 54 65 66 68 75 81 82 84;3;3
11/08/2023 20:00;101;08 12 25 29 36 37 38 39 45 46 48 56 58 61 63 65 70 75 83 88;65;65
12/08/2023 20:00;102;03 05 07 08 12 14 32 36 37 39 43 46 48 60 65 69 83 86 89 90;83;83
16/08/2023 20:00;103;01 02 10 13 14 17 19 24 25 27 34 35 37 41 46 49 53 60 77 86;1;1
17/08/2023 20:00;104;06 12 14 18 21 23 32 36 42 45 52 57 67 68 72 73 78 81 82 87;57;57
18/08/2023 20:00;105;08 12 15 16 17 20 23 24 27 43 48 55 61 62 65 71 77 79 82 87;27;27
19/08/2023 20:00;106;09 11 13 15 16 17 21 23 35 42 47 48 54 69 70 72 77 82 87 90;15;15
22/08/2023 20:00;107;03 04 05 06 11 12 14 17 22 24 27 44 47 52 54 58 64 68 73 81;5;5
24/08/2023 20:00;108;01 07 08 09 10 13 14 16 17 21 24 35 39 40 45 58 69 72 75 89;16;16
25/08/2023 20:00;109;10 14 19 30 32 38 40 43 44 50 54 55 57 59 62 70 82 86 89 90;82;82
26/08/2023 20:00;110;02 05 11 13 15 21 27 29 39 41 43 48 52 64 65 68 72 86 89 90;39;39
29/08/2023 20:00;111;02 04 09 11 15 16 17 21 30 32 36 41 44 49 53 57 70 71 82 89;4;4
31/08/2023 20:00;112;04 09 13 18 20 25 26 28 32 45 52 55 66 68 69 72 79 86 87 88;86;86
01/09/2023 20:00;113;04 06 09 10 14 20 21 22 23 31 33 47 59 60 69 73 74 86 89 90;86;86
02/09/2023 20:00;114;05 06 08 13 18 24 29 35 36 45 50 51 60 67 68 70 75 85 86 87;70;70
05/09/2023 20:00;115;03 04 09 13 16 17 18 22 35 44 46 47 49 50 61 62 66 70 79 83;13;13
07/09/2023 20:00;116;01 02 07 08 10 16 20 29 35 40 43 44 50 58 61 69 71 76 88 89;40;40
08/09/2023 20:00;117;03 06 07 09 15 19 25 32 35 41 47 49 50 51 54 57 67 68 78 86;50;50
09/09/2023 20:00;118;01 08 09 15 25 26 28 31 44 45 47 51 53 54 64 72 73 76 77 82;45;45
12/09/2023 20:00;119;07 10 13 18 20 25 31 32 42 48 50 52 53 55 57 70 76 79 87 88;53;53
14/09/2023 20:00;120;01 02 05 14 27 38 43 44 46 47 54 56 63 66 69 73 78 80 86 89;66;66
15/09/2023 20:00;121;01 08 10 14 18 37 39 42 46 49 50 54 58 61 64 75 80 81 87 90;14;14
16/09/2023 20:00;122;12 13 17 29 35 41 45 48 49 51 52 53 54 57 58 59 66 74 77 88;77;77
19/09/2023 20:00;123;01 03 06 13 15 16 18 21 27 36 40 45 49 56 66 70 71 76 79 86;15;15
21/09/2023 20:00;124;04 06 07 11 21 22 30 31 46 49 52 56 61 70 72 75 77 79 80 82;79;79
22/09/2023 20:00;125;04 05 08 09 13 19 23 36 46 60 63 65 69 70 71 72 74 83 85 89;85;85
23/09/2023 20:00;126;17 23 25 30 32 37 41 47 48 53 59 61 62 74 75 76 85 86 87 90;48;48
26/09/2023 20:00;127;03 07 11 20 26 30 31 37 40 55 60 63 65 67 68 74 79 81 82 87;55;55
28/09/2023 20:00;128;01 04 05 07 11 13 16 18 21 23 36 37 41 52 55 68 72 82 84 85;82;82
29/09/2023 20:00;129;02 03 06 13 15 16 21 29 35 42 45 49 61 62 64 68 73 78 81 87;13;13
30/09/2023 20:00;130;06 21 32 33 35 39 43 47 49 52 59 65 66 67 73 75 76 77 82 83;65;65
03/10/2023 20:00;131;05 06 10 12 13 17 41 47 52 53 55 56 57 63 64 74 76 79 83 86;10;10
05/10/2023 20:00;132;04 06 09 14 16 18 29 30 33 46 48 51 64 70 71 74 75 81 83 90;46;46
06/10/2023 20:00;133;06 15 30 34 37 38 43 45 49 50 53 55 61 62 66 72 73 80 82 90;61;61
07/10/2023 20:00;134;01 04 16 19 35 42 43 47 48 49 50 51 53 57 75 76 77 78 82 90;49;49
10/10/2023 20:00;135;01 03 04 10 32 33 55 57 58 60 64 71 75 79 80 82 83 87 88 90;1;1
12/10/2023 20:00;136;05 08 10 12 13 17 22 26 31 35 36 37 39 54 55 60 66 68 75 87;8;8
13/10/2023 20:00;137;03 07 08 10 11 12 23 30 31 43 45 46 57 58 60 67 69 71 75 80;75;75
14/10/2023 20:00;138;06 13 15 23 29 30 32 40 45 48 50 57 66 67 74 82 84 85 87 88;67;67
17/10/2023 20:00;139;01 02 15 17 22 26 28 30 32 35 37 47 60 64 67 69 73 74 77 83;69;69
19/10/2023 20:00;140;05 16 18 21 23 28 30 36 38 40 48 54 56 57 63 67 71 79 84 87;67;67
20/10/2023 20:00;141;01 04 09 16 17 28 30 31 42 47 50 58 65 70 75 76 85 86 87 90;16;16
21/10/2023 20:00;142;02 05 16 21 24 28 31 32 33 37 40 48 49 54 62 67 68 81 83 88;67;67
24/10/2023 20:00;143;05 08 12 18 28 29 31 33 34 39 41 51 55 56 64 73 74 82 87 89;29;29
26/10/2023 20:00;144;04 08 16 37 38 42 43 44 45 53 58 65 66 69 71 73 79 83 86 89;66;66
27/10/2023 20:00;145;09 13 19 21 24 30 31 35 43 45 48 54 60 62 65 66 68 74 75 77;31;31
28/10/2023 20:00;146;06 08 18 22 23 24 31 34 36 38 58 59 70 73 74 80 83 84 86 87;34;34
31/10/2023 20:00;147;17 20 26 28 33 34 36 37 38 43 45 47 50 52 59 62 64 79 82 87;62;62
02/11/2023 20:00;148;02 07 08 09 10 19 20 36 49 53 54 60 64 68 70 71 72 76 83 90;54;54
03/11/2023 20:00;149;03 08 11 15 19 23 38 42 49 50 62 65 67 70 73 76 80 81 83 85;80;80
04/11/2023 20:00;150;02 13 17 18 26 27 39 42 44 45 46 52 53 54 56 62 67 74 80 83;13;13
07/11/2023 20:00;151;02 06 11 15 16 21 28 31 32 42 44 47 51 54 55 63 65 71 78 80;65;65
09/11/2023 20:00;152;01 06 13 17 35 46 49 53 54 55 57 58 63 65 70 71 75 76 85 88;58;58
10/11/2023 20:00;153;01 05 08 11 12 25 28 30 42 46 57 64 66 67 72 73 78 82 87 89;73;73
11/11/2023 20:00;154;03 05 08 14 18 19 22 34 43 52 53 54 67 70 71 72 77 80 84 87;3;3
14/11/2023 20:00;155;08 17 19 32 35 43 46 48 50 51 57 58 59 64 70 74 75 79 85 87;59;59
16/11/2023 20:00;156;03 06 12 20 27 33 34 38 41 43 46 54 55 60 62 68 71 80 82 86;82;82
17/11/2023 20:00;157;02 03 04 07 08 14 17 23 25 26 33 34 37 43 44 49 51 59 85 87;43;43
18/11/2023 20:00;158;05 13 14 17 21 23 26 38 40 41 46 48 49 50 54 57 66 75 77 89;17;17
21/11/2023 20:00;159;02 07 13 16 30 32 34 39 44 46 49 51 62 63 64 70 81 82 88 89;62;62
23/11/2023 20:00;160;03 06 07 12 15 17 19 20 25 26 29 30 33 40 63 72 74 80 81 86;19;19
24/11/2023 20:00;161;04 05 07 10 11 17 19 22 24 27 37 51 58 74 77 79 80 84 85 90;10;10
25/11/2023 20:00;162;01 03 06 07 10 11 18 20 33 34 35 44 49 56 58 69 72 73 77 86;20;20
28/11/2023 20:00;163;01 02 04 06 14 15 17 18 28 31 35 45 46 47 60 66 76 77 78 82;66;66
30/11/2023 20:00;164;08 11 16 20 24 25 27 30 34 38 45 49 61 69 70 71 75 77 80 81;16;16
01/12/2023 20:00;165;07 09 12 20 21 24 30 36 38 39 42 43 53 55 61 68 69 73 79 86;20;20
02/12/2023 20:00;166;02 05 07 11 19 22 23 30 33 34 42 50 58 67 71 74 75 81 82 83;11;11
05/12/2023 20:00;167;06 09 14 18 20 24 29 47 49 58 63 65 66 67 71 72 76 78 79 82;6;6
07/12/2023 20:00;168;01 04 09 12 22 25 30 33 34 39 47 48 51 65 68 69 73 80 81 86;69;69
09/12/2023 20:00;169;09 14 17 19 24 25 33 36 41 42 49 53 56 59 71 75 78 80 83 89;24;24
11/12/2023 20:00;170;05 10 11 12 13 15 17 20 28 29 30 40 44 58 61 66 70 74 78 86;30;30
12/12/2023 20:00;171;03 05 08 11 13 14 23 24 43 46 47 49 56 59 61 76 78 85 87 88;46;46
14/12/2023 20:00;172;03 09 10 18 21 22 28 29 37 56 61 66 68 70 71 74 77 80 86 90;71;71
15/12/2023 20:00;173;01 03 05 10 14 17 18 19 20 25 26 48 50 57 61 70 78 81 82 90;81;81
16/12/2023 20:00;174;07 12 21 24 29 30 32 39 48 51 56 57 63 70 72 73 74 76 82 84;84;84
19/12/2023 20:00;175;07 11 15 18 19 20 30 31 32 37 39 44 48 54 61 62 64 75 88 90;7;7
21/12/2023 20:00;176;01 03 05 06 08 12 13 14 16 32 36 40 44 60 69 71 75 76 77 79;16;16
22/12/2023 20:00;177;11 12 13 26 29 35 36 37 59 67 70 72 78 79 80 81 84 85 86 87;13;13
23/12/2023 20:00;178;02 07 08 10 15 27 30 33 35 36 38 39 42 46 49 50 71 73 83 88;8;8
27/12/2023 20:00;179;04 12 26 27 34 44 46 48 53 60 63 67 69 70 73 82 83 85 87 90;26;26
28/12/2023 20:00;180;09 13 18 20 30 31 35 36 42 43 56 58 59 63 71 72 77 78 82 90;20;20
29/12/2023 20:00;181;03 05 06 13 15 18 27 43 45 48 52 57 62 64 65 67 70 72 76 90;5;5
30/12/2023 20:00;182;04 07 14 15 18 19 32 41 48 64 68 69 70 74 82 83 85 87 88 90;88;88
02/01/2024 20:00;1;01 03 06 09 16 29 37 38 42 44 49 50 57 64 70 74 75 84 85 86;70;70
04/01/2024 20:00;2;02 03 05 10 14 22 25 27 36 42 44 49 50 55 61 76 79 82 89 90;90;90
05/01/2024 20:00;3;02 06 09 13 14 19 28 31 35 49 51 56 58 59 60 62 63 68 77 85;85;85
08/01/2024 20:00;4;04 27 30 35 40 42 48 50 56 59 61 64 65 70 71 72 81 84 86 87;48;48
09/01/2024 20:00;5;08 18 21 25 31 40 44 47 48 49 57 60 61 63 67 70 74 75 80 81;61;61
11/01/2024 20:00;6;11 12 15 21 32 33 37 40 63 65 70 72 76 78 81 82 84 87 88 89;87;87
12/01/2024 20:00;7;06 12 13 17 20 26 31 33 41 45 46 51 57 58 68 71 80 81 82 86;46;46
13/01/2024 20:00;8;05 12 13 21 35 37 45 46 52 54 58 64 66 68 69 74 75 85 88 89;37;37
16/01/2024 20:00;9;01 12 18 19 27 32 35 36 40 42 45 53 61 63 65 66 81 82 88 90;12;12
18/01/2024 20:00;10;01 11 20 22 26 27 30 38 39 40 42 50 51 56 61 74 76 82 83 87;61;61
19/01/2024 20:00;11;02 03 18 22 23 25 30 31 42 52 53 57 58 60 61 67 70 75 79 86;86;86
20/01/2024 20:00;12;10 14 15 16 24 28 40 42 46 47 54 60 61 66 72 79 84 87 88 90;47;47
23/01/2024 20:00;13;04 06 07 09 13 20 21 28 29 32 38 41 42 48 55 58 61 62 80 81;41;41
25/01/2024 20:00;14;02 09 18 19 27 33 36 39 40 41 44 54 57 63 69 70 72 76 82 87;72;72
26/01/2024 20:00;15;03 09 13 20 26 31 35 39 41 45 47 50 56 59 61 63 74 79 85 87;31;31
27/01/2024 20:00;16;04 14 15 17 18 24 27 29 32 33 34 38 46 60 61 62 66 75 81 86;81;81
30/01/2024 20:00;17;09 17 18 20 21 24 26 28 30 35 40 44 49 55 61 70 76 82 84 90;21;21
01/02/2024 20:00;18;09 14 15 17 26 35 41 42 48 53 54 57 61 65 68 76 77 82 83 90;15;15
02/02/2024 20:00;19;03 06 09 15 24 25 27 30 35 40 43 45 48 60 71 79 83 85 86 88;79;79
03/02/2024 20:00;20;05 15 18 20 23 24 25 26 27 31 32 34 42 45 53 63 68 73 83 86;42;42
06/02/2024 20:00;21;02 03 09 12 15 20 33 37 51 52 53 58 60 68 71 74 82 85 86 87;3;3
08/02/2024 20:00;22;12 14 16 25 36 38 40 41 44 46 48 53 58 61 62 64 66 70 84 90;61;61
09/02/2024 20:00;23;03 07 10 18 19 21 24 25 29 30 34 36 53 54 63 71 74 81 86 90;21;21
10/02/2024 20:00;24;01 10 11 19 24 28 31 34 36 38 46 51 59 60 62 67 70 78 86 87;36;36
13/02/2024 20:00;25;07 08 11 12 14 17 32 34 39 41 45 52 54 56 57 69 83 85 86 89;34;34
15/02/2024 20:00;26;02 05 16 22 25 27 30 38 39 41 45 55 61 69 71 76 80 82 87 90;27;27
16/02/2024 20:00;27;02 06 07 09 10 13 19 22 23 29 38 39 46 51 53 55 58 65 74 82;9;9
17/02/2024 20:00;28;01 09 10 16 24 28 32 36 46 47 54 57 60 65 67 71 72 74 75 80;36;36
20/02/2024 20:00;29;01 04 09 12 23 24 25 26 44 47 57 58 64 73 75 76 80 81 85 89;4;4
22/02/2024 20:00;30;13 16 23 25 27 28 30 34 42 45 50 57 63 66 69 70 73 76 77 89;70;70
23/02/2024 20:00;31;04 06 07 14 15 20 26 28 39 48 53 63 65 69 72 74 76 82 85 89;53;53
24/02/2024 20:00;32;02 03 04 07 09 14 27 31 33 42 59 67 73 75 76 78 79 80 81 90;76;76
27/02/2024 20:00;33;01 04 10 13 14 15 25 34 40 45 46 53 57 59 60 63 64 83 86 87;13;13
29/02/2024 20:00;34;03 05 12 22 26 27 33 39 43 46 51 55 58 72 74 75 81 82 89 90;51;51
01/03/2024 20:00;35;05 06 07 10 24 25 32 38 40 41 43 60 76 77 78 80 84 87 88 90;32;32
02/03/2024 20:00;36;01 07 09 12 14 22 39 40 42 53 56 61 64 70 71 76 81 82 85 86;9;9
05/03/2024 20:00;37;04 05 07 08 13 21 23 38 42 45 46 48 52 55 62 67 68 73 79 80;79;79
07/03/2024 20:00;38;14 16 19 23 26 30 39 45 46 47 56 57 59 60 61 68 71 78 87 90;61;61
08/03/2024 20:00;39;05 14 16 19 21 28 32 33 34 36 40 45 48 55 57 59 69 78 86 90;36;36
09/03/2024 20:00;40;05 12 20 25 27 30 32 35 41 45 46 51 55 58 63 70 72 73 74 88;35;35
12/03/2024 20:00;41;16 17 23 25 28 31 33 36 38 39 56 57 64 67 68 69 76 79 87 89;67;67
14/03/2024 20:00;42;01 13 18 23 24 30 33 44 47 48 51 61 63 79 80 83 85 86 87 89;18;18
15/03/2024 20:00;43;01 05 10 15 20 33 35 39 42 46 48 51 52 56 61 62 72 83 85 87;72;72
16/03/2024 20:00;44;06 08 09 12 13 17 23 32 43 52 57 58 59 65 66 71 73 78 87 89;17;17
19/03/2024 20:00;45;19 20 26 27 33 35 37 41 46 47 48 52 54 58 70 71 76 82 85 89;82;82
21/03/2024 20:00;46;07 09 15 16 23 24 34 35 36 37 46 50 53 56 70 73 83 84 86 90;9;9
22/03/2024 20:00;47;02 09 11 17 25 26 27 29 32 33 36 43 45 47 49 50 67 71 86 88;33;33
23/03/2024 20:00;48;05 07 14 16 19 22 29 31 34 41 51 53 54 55 59 64 68 75 81 86;14;14
26/03/2024 20:00;49;05 08 13 16 17 20 22 25 28 30 34 43 51 54 59 65 67 70 72 87;30;30
28/03/2024 20:00;50;09 14 17 22 27 29 35 36 40 44 49 54 59 64 66 70 71 73 80 84;49;49
29/03/2024 20:00;51;02 11 12 13 15 19 34 40 42 51 52 67 68 71 72 75 77 79 86 90;40;40
30/03/2024 20:00;52;03 04 07 10 12 22 29 34 39 49 50 52 54 56 65 68 73 77 86 90;39;39
02/04/2024 20:00;53;03 04 11 13 16 18 29 30 33 34 39 47 58 61 71 73 74 79 82 86;74;74
04/04/2024 20:00;54;03 07 10 11 21 26 28 32 36 38 40 47 55 59 75 79 84 86 87 90;3;3
05/04/2024 20:00;55;11 20 21 30 33 39 43 48 49 55 58 59 60 66 73 76 79 85 87 89;55;55
06/04/2024 20:00;56;01 03 04 16 18 21 24 30 36 40 41 43 49 50 68 72 75 76 80 88;3;3
09/04/2024 20:00;57;05 11 13 14 15 23 27 33 41 42 43 47 59 62 65 69 70 77 79 87;33;33
11/04/2024 20:00;58;01 06 09 12 19 21 36 37 40 53 54 56 63 65 79 80 83 86 89 90;56;56
12/04/2024 20:00;59;02 05 13 18 34 35 42 46 48 55 57 58 62 63 75 77 78 79 82 86;79;79
13/04/2024 20:00;60;07 09 14 15 16 22 28 30 36 41 49 52 53 58 61 62 67 71 82 90;36;36
16/04/2024 20:00;61;04 10 11 14 16 17 22 25 27 42 49 58 61 65 70 71 76 79 80 86;49;49
18/04/2024 20:00;62;01 12 13 14 16 18 39 46 48 50 60 65 67 70 74 80 81 83 85 90;13;13
19/04/2024 20:00;63;01 05 16 17 19 21 29 35 39 42 50 54 56 57 60 68 69 71 81 90;39;39
20/04/2024 20:00;64;01 08 14 15 19 22 24 32 38 44 55 61 62 70 71 83 84 86 87 88;8;8
23/04/2024 20:00;65;05 06 11 12 14 21 22 23 26 33 34 37 42 44 47 57 61 66 82 86;47;47
26/04/2024 20:00;66;09 13 15 21 23 24 38 50 56 60 65 66 67 72 76 79 82 84 87 89;65;65
27/04/2024 20:00;67;02 16 18 31 34 43 50 52 59 60 61 62 69 70 74 81 83 85 86 88;2;2
29/04/2024 20:00;68;05 15 27 30 36 39 43 45 52 53 55 58 62 65 68 74 76 80 84 86;58;58
30/04/2024 20:00;69;01 03 08 19 26 31 32 40 45 48 49 51 52 56 58 67 71 74 79 87;8;8
02/05/2024 20:00;70;04 10 12 23 27 28 34 35 37 41 42 43 48 56 71 72 77 79 83 85;43;43
03/05/2024 20:00;71;02 03 04 05 08 10 11 12 17 21 27 29 33 38 41 50 60 62 69 72;38;38
04/05/2024 20:00;72;02 05 17 23 30 31 36 39 55 58 59 61 62 70 73 76 81 82 84 88;2;2
07/05/2024 20:00;73;06 09 15 19 20 21 23 27 38 43 45 46 47 58 60 68 74 75 78 80;68;68
09/05/2024 20:00;74;06 08 10 16 27 28 29 33 34 35 36 56 57 69 74 75 77 84 85 86;85;85
10/05/2024 20:00;75;06 10 12 18 24 30 33 41 45 49 52 66 67 68 69 71 74 75 80 89;69;69
11/05/2024 20:00;76;06 07 12 18 24 26 33 47 49 50 51 54 57 58 67 70 71 75 80 81;71;71
14/05/2024 20:00;77;09 12 18 20 34 50 54 57 58 62 63 64 65 66 72 74 83 84 89 90;34;34
16/05/2024 20:00;78;03 09 14 17 22 25 29 30 31 33 35 42 54 58 65 67 75 78 79 81;33;33
17/05/2024 20:00;79;05 07 09 11 13 23 27 31 35 39 54 57 59 63 65 72 80 87 88 90;63;63
18/05/2024 20:00;80;01 04 19 20 22 25 35 41 53 56 58 62 63 67 75 77 78 81 84 89;77;77
21/05/2024 20:00;81;01 02 05 07 23 29 37 40 44 50 53 54 65 66 76 78 80 82 84 86;54;54
23/05/2024 20:00;82;01 08 14 15 18 24 25 28 34 36 38 46 49 50 55 58 64 74 75 81;38;38
24/05/2024 20:00;83;02 05 07 12 13 26 28 39 46 47 58 64 68 72 76 82 84 86 88 89;84;84
25/05/2024 20:00;84;02 08 14 15 20 23 30 40 42 44 46 56 61 64 70 72 77 86 87 90;42;42
28/05/2024 20:00;85;01 11 12 13 24 27 29 31 33 34 35 37 44 54 55 62 67 75 81 82;12;12
30/05/2024 20:00;86;01 04 11 26 27 28 29 31 37 45 48 49 52 53 68 70 71 74 83 89;31;31
31/05/2024 20:00;87;01 02 04 06 11 13 15 18 24 28 32 39 49 54 55 64 75 80 85 90;4;4
01/06/2024 20:00;88;01 03 08 10 11 18 20 21 24 49 52 55 60 61 69 71 74 76 78 83;55;55
04/06/2024 20:00;89;01 02 11 20 29 30 31 32 33 37 49 53 56 67 68 69 75 77 84 87;53;53
06/06/2024 20:00;90;03 04 08 12 13 14 16 18 20 26 27 29 33 42 43 50 61 75 87 90;4;4
07/06/2024 20:00;91;02 09 14 19 27 29 36 41 47 52 53 55 61 63 64 65 66 69 75 86;2;2
08/06/2024 20:00;92;12 18 20 27 28 34 36 37 39 43 47 55 60 71 77 80 81 82 84 90;27;27
11/06/2024 20:00;93;01 02 03 06 16 18 22 28 30 32 34 46 51 58 67 74 78 80 83 90;80;80
13/06/2024 20:00;94;01 04 13 38 43 47 49 50 52 53 55 59 63 69 70 71 75 77 80 84;52;52
14/06/2024 20:00;95;04 06 20 24 27 31 37 38 44 49 53 56 66 69 71 73 75 78 79 82;44;44
15/06/2024 20:00;96;15 22 23 28 31 33 34 39 40 42 47 50 53 58 61 65 79 80 87 89;89;89
18/06/2024 20:00;97;02 13 15 20 24 33 34 37 47 50 56 61 66 69 71 73 77 82 83 90;90;90
20/06/2024 20:00;98;11 21 22 24 25 26 30 35 36 48 51 56 63 64 69 71 73 74 80 82;30;30
21/06/2024 20:00;99;01 06 14 16 19 33 38 41 50 51 58 60 66 71 73 74 75 84 87 90;19;19
22/06/2024 20:00;100;10 11 13 14 15 16 19 33 35 42 51 59 60 61 63 71 78 82 83 88;88;88
25/06/2024 20:00;101;03 13 14 16 22 23 26 30 47 50 57 60 62 63 65 66 67 72 77 82;67;67
27/06/2024 20:00;102;05 08 09 12 16 18 28 46 49 51 52 55 57 58 62 66 68 70 80 87;62;62
28/06/2024 20:00;103;02 12 19 23 24 28 32 38 44 46 52 54 66 73 76 80 82 84 85 87;23;23
29/06/2024 20:00;104;04 07 08 11 20 29 30 32 41 46 52 59 61 65 70 74 78 79 83 85;83;83
02/07/2024 20:00;105;03 07 12 14 15 16 27 29 34 37 40 48 49 57 62 63 65 73 81 90;34;34
04/07/2024 20:00;106;03 11 12 15 17 24 25 30 33 51 52 54 56 65 71 73 76 78 80 84;25;25
05/07/2024 20:00;107;06 07 11 12 23 30 31 32 41 42 50 53 54 60 64 65 67 70 84 89;41;41
06/07/2024 20:00;108;03 05 11 16 24 25 29 31 37 48 52 56 58 62 66 71 75 78 82 88;24;24
09/07/2024 20:00;109;01 14 15 19 21 22 23 25 26 27 28 32 35 36 39 40 48 54 84 90;14;14
11/07/2024 20:00;110;04 06 11 35 38 41 42 49 54 58 60 61 66 71 72 73 79 80 87 90;87;87
12/07/2024 20:00;111;02 06 07 14 15 19 25 31 42 43 47 53 54 60 62 63 67 77 85 86;53;53
13/07/2024 20:00;112;09 16 18 19 25 40 43 44 45 54 62 64 72 74 77 80 81 82 84 89;16;16
16/07/2024 20:00;113;10 14 20 21 22 26 29 32 33 36 37 39 43 48 50 58 60 69 73 89;33;33
18/07/2024 20:00;114;01 04 10 12 15 19 23 30 31 33 36 37 38 44 49 60 66 67 78 82;10;10
19/07/2024 20:00;115;04 13 15 17 29 30 40 41 44 45 52 60 67 68 72 76 82 85 86 89;45;45
20/07/2024 20:00;116;02 04 06 07 10 13 17 21 24 28 29 33 37 47 51 52 69 76 81 84;2;2
23/07/2024 20:00;117;01 02 06 08 09 17 18 34 37 50 53 59 63 64 70 72 76 77 78 79;6;6
25/07/2024 20:00;118;03 10 11 12 20 30 32 36 37 48 50 51 55 57 59 70 73 76 84 86;59;59
26/07/2024 20:00;119;06 10 11 14 32 35 50 56 62 63 66 70 71 74 76 77 82 83 85 89;83;83
27/07/2024 20:00;120;05 08 10 16 17 18 19 26 32 34 39 57 59 63 66 68 71 73 76 80;68;68
30/07/2024 20:00;121;14 31 37 42 44 46 49 52 53 57 61 66 69 70 71 78 84 85 87 88;85;85
01/08/2024 20:00;122;04 09 12 18 20 21 28 33 35 37 38 42 45 50 60 62 72 74 83 84;37;37
02/08/2024 20:00;123;03 07 13 14 17 18 28 29 36 37 56 57 66 71 79 81 84 85 88 89;71;71
03/08/2024 20:00;124;07 09 15 16 18 19 35 38 41 42 43 47 52 54 56 59 69 70 73 80;70;70
06/08/2024 20:00;125;05 06 07 09 10 16 20 29 30 35 40 41 47 48 49 62 80 82 83 89;89;89
08/08/2024 20:00;126;03 06 13 23 34 35 36 39 41 52 56 59 61 63 65 68 69 85 87 88;35;35
09/08/2024 20:00;127;04 05 14 15 16 26 28 34 36 37 41 42 45 48 57 65 66 69 78 89;69;69
10/08/2024 20:00;128;01 02 05 09 22 24 29 30 35 39 43 45 46 50 64 67 71 83 88 89;5;5
13/08/2024 20:00;129;05 19 31 35 37 41 43 44 46 50 61 62 64 69 75 76 81 84 88 89;46;46
16/08/2024 20:00;130;02 06 08 10 14 25 27 31 33 36 45 53 54 59 67 69 82 84 88 89;6;6
17/08/2024 20:00;131;05 07 11 17 22 23 37 46 51 54 55 58 60 67 68 70 75 78 85 87;51;51
19/08/2024 20:00;132;13 16 17 28 30 36 37 38 44 45 46 47 48 56 59 66 74 81 86 87;74;74
20/08/2024 20:00;133;02 07 20 23 25 27 30 42 43 45 49 50 52 54 56 57 61 64 69 75;52;52
22/08/2024 20:00;134;10 13 22 26 35 36 37 39 40 50 56 59 68 72 73 75 82 85 87 89;10;10
23/08/2024 20:00;135;01 07 13 14 18 20 23 27 32 40 41 51 52 54 60 66 67 71 72 74;13;13
24/08/2024 20:00;136;04 08 12 13 16 17 22 41 43 45 54 57 58 61 63 67 69 72 75 84;61;61
27/08/2024 20:00;137;04 06 09 10 14 27 34 39 41 50 52 53 60 61 66 67 70 72 80 86;60;60
29/08/2024 20:00;138;03 10 12 14 16 17 21 22 26 29 39 45 47 55 56 61 67 76 79 82;12;12
30/08/2024 20:00;139;01 06 09 22 28 46 48 49 50 51 58 59 60 62 65 66 67 81 89 90;9;9
31/08/2024 20:00;140;01 02 03 19 20 21 22 28 36 41 46 52 53 56 63 69 79 81 84 88;88;88
03/09/2024 20:00;141;14 15 18 28 29 34 39 40 55 57 61 62 68 70 71 73 75 78 83 84;18;18
05/09/2024 20:00;142;01 02 05 06 11 14 16 18 36 37 41 49 50 57 58 64 66 67 77 86;36;36
06/09/2024 20:00;143;01 06 07 08 09 10 15 17 30 44 46 48 53 54 64 79 82 85 86 88;79;79
07/09/2024 20:00;144;01 09 12 13 24 26 27 31 32 36 51 53 56 57 59 62 72 73 75 85;85;85
10/09/2024 20:00;145;04 07 08 15 30 44 46 47 49 54 56 60 63 64 65 69 77 80 86 88;47;47
12/09/2024 20:00;146;03 05 06 07 08 11 13 35 46 54 59 60 63 65 69 72 77 84 85 90;13;13
13/09/2024 20:00;147;12 13 14 23 24 26 29 31 32 35 37 39 42 44 47 52 60 65 72 79;24;24
14/09/2024 20:00;148;04 08 09 12 13 19 20 22 27 36 37 40 43 50 51 62 64 65 75 84;19;19
17/09/2024 20:00;149;05 07 09 18 21 22 29 34 38 49 60 64 65 74 75 77 78 87 89 90;74;74
19/09/2024 20:00;150;03 14 16 17 23 37 39 41 53 57 59 60 61 64 66 71 73 82 84 88;14;14
20/09/2024 20:00;151;02 06 07 17 20 26 30 31 38 41 44 46 56 58 64 68 70 72 78 85;46;46
21/09/2024 20:00;152;02 07 09 11 16 20 26 28 31 35 40 44 47 55 57 63 68 71 80 86;40;40
24/09/2024 20:00;153;07 09 10 13 15 25 31 34 37 44 45 51 53 58 62 64 65 75 81 84;13;13
26/09/2024 20:00;154;07 14 17 23 25 28 34 36 37 38 50 55 63 64 66 70 72 75 88 90;17;17
27/09/2024 20:00;155;05 06 09 11 15 26 29 30 31 37 39 44 48 53 56 63 74 78 79 88;31;31
28/09/2024 20:00;156;01 02 06 11 27 30 31 37 47 49 51 62 67 68 73 76 81 85 87 89;47;47
01/10/2024 20:00;157;14 19 21 22 24 25 27 29 31 35 37 42 44 48 62 68 73 75 83 90;37;37
03/10/2024 20:00;158;05 09 23 24 27 34 35 36 39 40 46 54 56 57 70 71 74 80 87 89;89;89
04/10/2024 20:00;159;03 05 14 18 19 20 22 24 26 29 37 51 54 56 63 70 75 81 84 89;5;5
05/10/2024 20:00;160;02 10 11 14 17 24 25 28 29 35 38 41 45 47 52 61 67 68 72 79;68;68
08/10/2024 20:00;161;04 05 06 10 20 23 35 36 37 38 45 47 49 51 62 63 69 77 78 83;45;45
10/10/2024 20:00;162;04 07 16 25 43 45 46 48 50 53 54 55 59 60 65 72 78 86 88 89;48;48
11/10/2024 20:00;163;05 07 08 15 16 18 20 24 25 26 34 44 45 52 58 59 65 76 77 86;76;76
12/10/2024 20:00;164;03 04 06 12 16 18 27 31 33 41 44 47 51 53 59 61 63 71 78 79;41;41
15/10/2024 20:00;165;06 11 12 14 17 19 23 24 26 36 41 44 46 47 51 57 64 71 72 76;36;36
17/10/2024 20:00;166;04 12 14 15 19 22 24 29 35 39 47 48 49 55 64 67 70 75 79 88;39;39
18/10/2024 20:00;167;05 14 22 23 27 29 40 45 48 52 53 54 67 69 71 74 77 80 83 90;74;74
19/10/2024 20:00;168;03 05 07 11 14 16 18 20 24 26 29 30 35 43 54 56 62 66 78 82;66;66
22/10/2024 20:00;169;02 09 10 12 15 18 21 24 25 27 30 35 36 37 42 56 58 59 84 85;36;36
24/10/2024 20:00;170;02 04 07 08 16 19 22 25 26 27 28 30 32 37 45 48 52 53 64 82;7;7
25/10/2024 20:00;171;03 07 10 14 17 21 28 31 33 35 39 55 60 61 66 68 74 83 88 90;10;10
26/10/2024 20:00;172;01 02 11 13 19 32 34 35 37 39 40 48 49 59 66 68 70 74 86 90;40;40
29/10/2024 20:00;173;03 04 15 17 20 23 24 26 27 42 48 51 57 60 62 65 67 77 78 88;67;67
31/10/2024 20:00;174;03 05 15 16 20 22 24 25 26 28 32 33 42 47 58 68 74 75 86 90;16;16
02/11/2024 20:00;175;07 09 13 14 15 22 29 31 36 42 48 51 53 55 63 65 71 76 79 84;36;36
04/11/2024 20:00;176;01 04 06 09 16 17 28 34 36 40 45 54 56 57 62 63 70 83 84 89;16;16
05/11/2024 20:00;177;02 06 27 33 35 36 40 45 46 51 55 57 58 67 69 75 76 78 79 87;55;55
07/11/2024 20:00;178;07 13 18 21 24 25 27 29 32 33 40 42 44 47 53 54 56 58 68 90;29;29
08/11/2024 20:00;179;02 03 06 10 15 16 20 21 40 45 49 51 52 53 65 67 68 74 87 90;68;68
09/11/2024 20:00;180;02 18 19 21 23 35 39 41 43 46 47 48 49 59 61 62 63 74 79 90;43;43
12/11/2024 20:00;181;05 08 09 24 25 26 28 34 41 43 45 46 49 59 66 72 77 79 80 87;66;66
14/11/2024 20:00;182;02 03 15 18 19 21 23 28 31 37 43 45 53 57 63 75 78 79 80 89;57;57
15/11/2024 20:00;183;05 06 17 23 26 40 46 47 53 54 58 61 62 69 70 71 75 79 89 90;5;5
16/11/2024 20:00;184;07 09 10 12 13 14 17 23 24 28 29 35 41 48 61 73 75 77 87 88;17;17
19/11/2024 20:00;185;11 12 14 15 17 20 22 30 41 44 49 50 51 54 74 79 85 86 87 89;51;51
21/11/2024 20:00;186;01 03 06 11 15 26 30 34 38 39 43 51 60 61 63 66 76 79 84 85;6;6
22/11/2024 20:00;187;13 14 23 25 27 30 33 35 39 45 59 66 71 72 78 79 81 82 83 90;27;27
23/11/2024 20:00;188;04 12 20 28 31 32 33 39 40 46 53 56 57 58 67 76 80 81 82 86;33;33
26/11/2024 20:00;189;01 02 03 10 15 16 24 28 30 33 35 38 48 50 52 54 60 62 77 89;35;35
28/11/2024 20:00;190;07 14 16 22 28 30 35 38 52 55 57 59 70 74 75 77 79 82 83 86;52;52
29/11/2024 20:00;191;02 05 12 13 22 29 32 42 48 53 58 59 65 67 69 76 79 82 88 90;29;29
30/11/2024 20:00;192;03 13 25 26 34 41 42 43 46 53 55 58 59 63 66 69 73 80 87 90;25;25
03/12/2024 20:00;193;06 07 12 16 23 25 26 28 37 38 41 50 52 55 58 62 65 67 68 71;38;38
05/12/2024 20:00;194;03 08 10 15 18 20 22 32 35 42 48 49 51 59 61 64 65 66 76 83;32;32
06/12/2024 20:00;195;09 13 15 16 17 22 23 24 27 33 39 41 46 56 57 61 62 69 72 85;9;9
07/12/2024 20:00;196;05 06 08 12 15 21 27 37 39 44 45 46 51 57 59 60 65 79 87 90;37;37
10/12/2024 20:00;197;01 06 11 15 17 31 33 35 37 42 45 50 55 56 64 69 70 79 83 86;79;79
12/12/2024 20:00;198;07 10 16 20 25 29 36 39 40 45 52 55 58 59 62 64 70 73 88 89;7;7
13/12/2024 20:00;199;08 09 10 12 13 24 25 29 32 37 40 44 52 56 57 62 66 77 82 87;66;66
14/12/2024 20:00;200;05 06 10 13 21 27 34 37 42 45 46 49 51 55 56 57 61 77 79 89;89;89
17/12/2024 20:00;201;05 20 27 39 40 42 43 46 49 64 67 72 75 76 77 79 80 81 85 88;88;88
19/12/2024 20:00;202;01 03 10 15 20 24 28 30 32 33 35 53 57 61 68 75 78 79 87 90;53;53
20/12/2024 20:00;203;01 10 17 19 25 26 28 38 39 40 42 43 45 49 52 70 73 76 78 87;19;19
21/12/2024 20:00;204;05 09 12 16 19 25 31 33 41 42 45 46 61 69 70 73 74 78 81 87;19;19
24/12/2024 20:00;205;02 10 12 14 16 17 26 31 43 44 48 50 55 59 63 69 72 83 84 86;26;26
27/12/2024 20:00;206;11 12 17 20 26 36 37 44 48 49 51 54 55 58 59 61 67 78 85 88;54;54
28/12/2024 20:00;207;01 05 06 09 10 14 22 27 32 36 39 42 51 55 59 66 67 69 74 88;74;74
30/12/2024 20:00;208;11 12 27 31 37 39 40 43 45 56 59 64 72 76 77 78 79 81 82 89;37;37
31/12/2024 20:00;209;06 13 15 20 21 27 31 35 37 38 44 47 51 59 71 76 80 85 86 88;71;71
02/01/2025 20:00;1;05 06 16 17 22 24 29 35 36 39 42 47 59 64 74 77 80 81 82 85;39;39
03/01/2025 20:00;2;01 05 21 25 32 36 44 47 49 54 55 60 66 67 68 74 75 77 78 83;60;60
04/01/2025 20:00;3;04 05 17 25 28 29 37 45 46 48 55 60 65 66 67 71 77 78 80 86;48;48
07/01/2025 20:00;4;05 08 09 20 29 30 33 34 37 42 46 49 51 55 56 64 73 78 85 89;29;29
09/01/2025 20:00;5;05 06 08 12 14 17 18 23 31 33 39 41 47 49 59 64 65 68 75 84;47;47
10/01/2025 20:00;6;02 05 11 17 22 30 31 40 42 43 50 51 55 58 61 66 71 73 80 89;40;40
11/01/2025 20:00;7;04 05 07 08 10 11 13 25 32 37 43 48 56 60 69 73 75 78 80 89;73;73
14/01/2025 20:00;8;01 08 12 15 20 23 25 27 33 41 47 48 54 55 68 75 76 78 86 88;41;41
16/01/2025 20:00;9;03 09 17 24 28 33 36 39 47 54 56 58 70 74 75 76 78 81 86 88;47;47
17/01/2025 20:00;10;03 05 10 12 20 22 24 29 33 34 36 45 65 68 75 77 81 84 87 90;10;10
18/01/2025 20:00;11;01 02 07 08 13 21 23 24 25 31 34 44 46 74 76 77 78 84 87 88;24;24
21/01/2025 20:00;12;09 15 23 30 32 33 44 48 50 58 67 70 71 78 80 81 87 88 89 90;78;78
23/01/2025 20:00;13;03 09 11 13 14 21 27 36 46 50 52 53 54 56 59 61 74 83 86 90;86;86
24/01/2025 20:00;14;04 09 14 16 17 19 24 32 35 46 52 57 58 61 65 67 68 85 87 90;67;67
25/01/2025 20:00;15;02 06 13 20 23 25 27 28 37 40 44 49 51 55 56 59 67 76 82 87;13;13
28/01/2025 20:00;16;08 11 13 16 21 22 27 31 32 39 42 54 56 60 70 80 85 86 88 90;32;32
30/01/2025 20:00;17;01 04 09 12 13 16 20 26 29 33 37 43 50 51 56 58 62 63 78 90;9;9
31/01/2025 20:00;18;01 05 07 09 20 24 25 28 31 32 38 49 51 53 64 65 68 76 87 90;49;49
01/02/2025 20:00;19;07 12 17 18 22 23 25 39 41 50 56 58 59 60 63 68 73 81 83 87;83;83
04/02/2025 20:00;20;06 08 09 10 18 19 20 23 30 33 39 43 49 54 55 59 63 67 81 86;49;49
06/02/2025 20:00;21;02 13 19 20 21 23 28 29 39 40 44 47 52 59 70 74 82 85 86 88;40;40
07/02/2025 20:00;22;01 03 09 13 31 34 37 38 44 48 53 62 66 73 74 75 76 79 88 90;34;34
08/02/2025 20:00;23;05 21 24 29 31 32 44 45 54 62 65 69 71 72 75 78 79 83 87 90;72;72
11/02/2025 20:00;24;01 04 11 24 28 37 39 41 43 45 51 53 57 63 68 75 78 80 83 90;45;45
13/02/2025 20:00;25;07 14 16 17 21 28 32 36 38 39 43 51 55 56 57 68 78 86 88 89;28;28
14/02/2025 20:00;26;06 07 11 13 21 27 28 29 30 34 40 43 46 48 49 60 74 80 83 87;29;29
15/02/2025 20:00;27;01 02 08 10 18 24 26 28 32 33 37 41 47 49 72 74 77 78 81 85;72;72
18/02/2025 20:00;28;11 21 23 26 34 42 44 49 55 60 62 64 65 68 72 79 82 83 86 89;72;72
20/02/2025 20:00;29;01 05 07 10 17 26 30 32 37 40 46 51 54 59 60 62 74 75 80 86;40;40
21/02/2025 20:00;30;01 14 20 28 37 44 45 46 48 49 53 54 59 65 66 70 72 81 88 90;66;66
22/02/2025 20:00;31;07 08 11 13 17 28 33 38 42 44 47 49 52 56 57 70 71 72 77 83;13;13
25/02/2025 20:00;32;01 04 07 11 21 24 29 34 44 45 46 54 59 61 62 64 81 84 87 90;44;44
27/02/2025 20:00;33;01 03 05 15 20 21 28 30 31 38 45 46 49 53 56 61 62 78 79 89;79;79
28/02/2025 20:00;34;04 07 15 17 21 22 30 33 40 42 45 47 56 57 58 59 64 73 81 85;81;81
01/03/2025 20:00;35;02 06 11 26 27 32 40 43 44 45 47 48 66 67 68 76 78 80 87 90;80;80
04/03/2025 20:00;36;03 06 07 08 09 10 11 13 14 23 28 30 36 54 62 67 74 79 81 87;30;30
06/03/2025 20:00;37;09 23 28 30 31 32 39 41 44 47 51 59 64 66 68 71 79 80 83 89;31;31
07/03/2025 20:00;38;08 09 11 16 18 19 28 29 33 36 39 53 62 64 73 78 80 88 89 90;80;80
08/03/2025 20:00;39;02 08 10 23 24 29 30 36 39 40 46 58 60 61 64 69 72 74 78 87;60;60
11/03/2025 20:00;40;08 11 13 16 20 22 26 30 31 39 42 61 63 65 68 70 76 79 82 88;88;88
13/03/2025 20:00;41;02 10 11 12 17 22 23 29 36 37 40 49 54 63 70 76 77 83 84 90;22;22
14/03/2025 20:00;42;01 02 14 25 28 30 36 37 41 43 46 49 50 51 57 60 70 77 80 86;14;14
15/03/2025 20:00;43;05 07 10 12 13 14 22 23 26 34 38 42 49 54 63 70 71 73 84 86;54;54
18/03/2025 20:00;44;02 12 19 21 24 25 29 38 39 45 52 53 55 57 59 62 65 72 74 85;74;74
20/03/2025 20:00;45;01 03 09 10 14 19 24 27 33 46 49 55 56 66 67 68 71 76 79 83;49;49
21/03/2025 20:00;46;10 11 13 19 28 34 38 46 50 53 56 59 60 66 67 69 75 84 87 89;53;53
22/03/2025 20:00;47;03 08 09 12 22 32 34 37 41 45 52 55 59 64 67 68 75 80 82 89;55;55
25/03/2025 20:00;48;03 05 07 13 14 19 30 31 36 38 42 49 50 58 59 67 69 73 75 82;30;30
27/03/2025 20:00;49;06 10 19 22 30 31 54 56 59 60 61 62 63 64 68 74 76 77 78 88;22;22
28/03/2025 20:00;50;01 07 10 13 14 18 20 26 41 44 46 47 52 61 66 72 80 81 89 90;72;72
29/03/2025 20:00;51;06 07 08 15 25 26 36 37 38 51 55 56 63 64 69 77 78 81 87 90;7;7
01/04/2025 20:00;52;04 13 14 27 29 33 37 42 44 48 51 59 60 61 63 65 73 76 82 88;60;60
03/04/2025 20:00;53;02 08 10 13 17 20 22 35 43 51 57 59 63 69 71 73 74 77 88 89;71;71
04/04/2025 20:00;54;01 04 07 10 14 15 16 22 23 28 29 30 37 47 49 55 60 62 77 90;37;37
05/04/2025 20:00;55;03 04 05 06 10 14 20 26 42 45 56 58 60 63 66 67 70 73 74 80;10;10
08/04/2025 20:00;56;08 23 26 35 38 40 42 43 44 45 46 50 57 58 68 74 75 86 88 89;23;23
10/04/2025 20:00;57;08 12 18 19 20 40 49 55 60 62 63 64 68 69 74 81 83 84 87 89;55;55
11/04/2025 20:00;58;12 14 18 22 28 41 48 49 53 57 58 61 67 68 72 74 75 79 80 86;22;22
12/04/2025 20:00;59;03 04 06 07 11 12 14 16 25 28 29 30 34 47 48 61 69 81 85 90;47;47
15/04/2025 20:00;60;03 04 12 17 18 22 28 29 30 33 45 46 48 55 61 64 77 79 83 89;55;55
17/04/2025 20:00;61;12 13 16 18 23 29 32 36 40 46 49 58 64 66 68 69 78 82 84 87;82;82
18/04/2025 20:00;62;02 06 16 19 25 33 35 38 44 45 47 54 55 59 61 71 83 85 88 90;83;83
19/04/2025 20:00;63;06 07 11 17 18 25 36 38 51 54 61 67 68 69 73 74 75 77 80 82;7;7
22/04/2025 20:00;64;01 05 12 13 17 18 27 31 36 39 47 51 58 65 67 70 71 77 86 89;39;39
24/04/2025 20:00;65;05 13 19 20 23 24 27 34 51 65 69 74 75 76 78 80 84 87 88 89;80;80
26/04/2025 20:00;66;02 05 09 11 13 14 23 26 27 28 30 38 42 43 60 62 63 73 81 82;23;23
28/04/2025 20:00;67;05 16 21 22 35 40 41 43 48 50 54 56 60 62 68 70 72 77 78 80;62;62
29/04/2025 20:00;68;01 02 03 06 07 10 21 26 27 30 32 37 41 56 62 64 66 74 76 80;3;3
02/05/2025 20:00;69;03 09 11 16 20 23 26 31 32 33 34 36 53 71 72 75 78 79 82 87;71;71
03/05/2025 20:00;70;09 14 20 27 28 31 33 36 40 43 44 45 50 53 55 62 65 70 71 85;31;31
05/05/2025 20:00;71;19 20 21 36 38 41 47 53 56 59 60 62 66 70 73 75 78 80 87 88;62;62
06/05/2025 20:00;72;06 12 16 19 20 40 41 44 46 47 53 54 71 72 77 78 82 83 84 88;6;6
08/05/2025 20:00;73;01 09 12 13 27 29 32 38 40 43 58 66 68 71 72 78 86 87 88 89;87;87
09/05/2025 20:00;74;01 06 12 16 19 21 23 26 32 38 41 48 52 53 58 61 80 85 87 89;23;23
10/05/2025 20:00;75;01 06 10 12 13 15 20 25 26 29 33 43 46 47 55 59 60 69 72 79;13;13
13/05/2025 20:00;76;03 04 06 08 11 15 17 30 35 43 50 52 54 57 60 61 63 68 71 76;57;57
15/05/2025 20:00;77;08 09 11 13 15 27 32 40 50 52 59 60 61 66 70 75 76 78 82 87;75;75
16/05/2025 20:00;78;05 09 10 17 19 26 36 37 38 54 64 68 69 72 74 75 76 80 81 90;54;54
17/05/2025 20:00;79;03 04 07 10 13 14 17 26 27 33 35 43 44 45 48 49 58 60 63 68;60;60
20/05/2025 20:00;80;05 07 09 11 12 13 24 31 36 41 45 51 54 55 57 60 69 74 81 87;12;12
22/05/2025 20:00;81;01 07 08 18 19 21 28 31 36 37 39 49 50 52 57 65 66 69 71 89;8;8
23/05/2025 20:00;82;04 06 09 15 18 25 30 33 37 39 41 44 45 61 64 70 73 77 78 88;39;39
24/05/2025 20:00;83;12 13 18 22 27 34 44 48 52 53 59 62 63 66 69 70 72 78 82 84;72;72
27/05/2025 20:00;84;04 10 14 15 18 19 24 30 31 33 35 41 55 57 61 64 69 83 86 87;15;15
29/05/2025 20:00;85;04 10 21 24 26 31 32 40 45 46 52 59 60 65 71 75 81 86 88 90;45;45
30/05/2025 20:00;86;04 07 15 21 25 27 28 35 37 40 44 46 49 54 58 59 61 72 76 90;72;72
31/05/2025 20:00;87;01 04 06 07 12 15 32 34 39 44 47 57 63 72 73 80 81 84 86 87;72;72
03/06/2025 20:00;88;01 04 06 16 19 22 36 38 40 42 49 50 52 56 63 66 77 85 86 88;22;22
05/06/2025 20:00;89;02 08 10 16 22 24 26 32 33 37 47 51 53 71 76 79 85 87 88 89;51;51
06/06/2025 20:00;90;01 05 11 13 22 23 26 30 40 41 42 45 57 67 71 73 76 81 88 90;40;40
07/06/2025 20:00;91;01 09 13 17 18 25 27 37 38 48 50 54 58 66 70 76 78 79 81 86;76;76
10/06/2025 20:00;92;11 21 27 29 30 32 33 47 48 51 56 57 61 72 73 74 77 80 81 86;48;48
12/06/2025 20:00;93;03 07 11 16 26 28 31 32 37 38 40 41 44 46 63 64 66 67 68 88;26;26
13/06/2025 20:00;94;02 04 05 16 20 28 31 38 40 47 50 51 53 54 56 61 64 66 73 90;51;51
14/06/2025 20:00;95;03 06 11 12 15 24 25 28 30 35 40 43 44 51 66 68 77 79 81 84;43;43
17/06/2025 20:00;96;01 08 15 16 17 18 28 29 49 50 53 56 57 69 71 76 78 82 89 90;50;50
19/06/2025 20:00;97;09 11 14 16 21 28 32 36 39 45 56 64 67 71 74 77 79 80 84 87;32;32
20/06/2025 20:00;98;01 02 12 14 16 19 29 33 36 39 44 45 48 50 53 62 68 72 77 89;33;33
21/06/2025 20:00;99;03 04 07 11 19 20 21 22 25 29 34 42 47 59 61 64 66 73 74 75;7;7
24/06/2025 20:00;100;04 06 07 17 20 30 31 33 43 46 48 49 51 54 60 67 70 71 78 88;4;4
26/06/2025 20:00;101;03 07 14 19 24 31 34 35 44 46 50 53 63 66 67 74 76 77 78 85;46;46
27/06/2025 20:00;102;07 20 23 26 37 40 46 48 55 56 58 63 64 69 75 78 79 82 87 90;58;58
28/06/2025 20:00;103;21 25 32 34 36 40 41 46 48 51 52 54 60 63 76 80 82 84 85 89;41;41
01/07/2025 20:00;104;21 23 26 30 36 41 45 48 50 56 59 63 66 70 71 77 83 84 87 89;71;71
03/07/2025 20:00;105;10 11 19 20 26 27 33 34 37 38 40 46 47 48 50 66 72 74 78 85;33;33
04/07/2025 20:00;106;01 04 06 07 08 12 19 20 22 26 30 44 45 53 57 65 67 70 77 83;8;8
05/07/2025 20:00;107;05 17 20 22 23 25 30 42 46 59 60 65 71 78 84 85 86 87 89 90;25;25
08/07/2025 20:00;108;05 12 13 15 24 25 29 31 48 52 54 56 60 64 66 73 79 82 83 84;29;29
10/07/2025 20:00;109;07 12 21 24 25 26 29 40 46 49 50 51 52 63 79 80 81 84 85 86;85;85
11/07/2025 20:00;110;01 10 13 17 27 28 29 38 39 45 46 54 55 59 60 62 68 75 79 84;39;39
12/07/2025 20:00;111;06 08 19 20 21 25 27 29 30 32 33 34 36 43 45 47 66 67 72 78;67;67
15/07/2025 20:00;112;03 05 12 18 20 26 28 31 32 34 36 44 46 47 56 57 58 59 60 81;60;60
17/07/2025 20:00;113;04 05 09 22 23 27 33 40 44 45 46 52 59 65 67 69 72 75 76 89;22;22
18/07/2025 20:00;114;01 14 17 19 20 22 26 27 31 33 38 40 48 51 62 71 76 83 87 89;48;48
19/07/2025 20:00;115;02 07 09 10 18 19 36 37 39 51 57 62 63 64 66 69 70 71 74 83;70;70
22/07/2025 20:00;116;03 08 11 17 22 29 30 33 35 38 39 45 52 54 55 58 62 64 79 84;29;29
24/07/2025 20:00;117;04 13 17 18 19 24 27 32 35 41 49 52 55 59 69 71 77 79 82 87;71;71
25/07/2025 20:00;118;06 07 13 16 24 27 28 29 34 43 46 52 53 54 59 62 72 75 77 84;53;53
26/07/2025 20:00;119;05 07 08 09 12 16 30 34 38 39 40 56 63 67 70 78 80 81 84 88;81;81
29/07/2025 20:00;120;13 16 28 35 36 40 43 44 45 50 52 53 56 57 63 70 72 73 75 83;83;83
31/07/2025 20:00;121;01 02 04 17 18 28 34 35 36 37 42 44 46 51 54 62 71 72 73 89;42;42
01/08/2025 20:00;122;02 05 06 14 16 21 38 40 45 46 49 57 60 61 62 63 68 78 83 90;38;38
02/08/2025 20:00;123;06 10 16 20 25 29 33 39 44 49 50 52 65 68 74 76 80 84 85 88;65;65
05/08/2025 20:00;124;05 12 19 24 28 30 42 43 44 49 52 55 57 61 66 67 73 79 80 90;57;57
07/08/2025 20:00;125;02 07 13 21 22 24 28 38 42 60 64 68 72 76 79 82 84 85 86 87;22;22
08/08/2025 20:00;126;07 08 09 10 15 25 26 33 36 37 51 53 56 59 63 72 84 86 87 90;90;90
09/08/2025 20:00;127;06 11 17 20 30 32 33 38 42 51 55 64 65 68 74 75 80 81 83 84;55;55
12/08/2025 20:00;128;03 12 16 21 24 29 38 39 44 46 50 55 60 64 68 73 75 78 82 85;24;24
14/08/2025 20:00;129;01 04 27 28 29 38 43 48 50 52 54 56 57 63 77 79 81 83 85 86;86;86
16/08/2025 20:00;130;09 11 17 22 25 27 30 38 40 45 46 53 54 57 60 61 66 75 78 86;22;22
18/08/2025 20:00;131;01 02 14 15 16 18 20 24 29 37 42 43 44 45 46 71 76 77 82 88;44;44
19/08/2025 20:00;132;01 02 06 12 13 14 16 22 24 32 53 58 60 62 63 70 73 84 85 88;85;85
21/08/2025 20:00;133;01 05 15 19 23 25 26 29 39 41 48 51 52 54 55 65 78 82 83 86;41;41
22/08/2025 20:00;134;02 03 05 06 09 14 18 22 28 29 43 47 59 61 74 75 77 79 82 84;77;77
23/08/2025 20:00;135;05 09 21 24 25 28 29 31 33 35 38 40 41 53 57 58 67 78 82 87;67;67
26/08/2025 20:00;136;03 08 09 11 13 17 18 20 32 48 50 52 56 59 60 65 70 71 78 82;18;18
28/08/2025 20:00;137;11 12 15 20 28 32 35 47 48 50 51 52 67 69 73 75 84 87 88 90;90;90
29/08/2025 20:00;138;03 05 14 17 19 21 22 31 40 48 51 54 61 68 74 76 78 81 84 85;81;81
30/08/2025 20:00;139;05 07 23 31 35 37 39 44 48 49 51 54 55 56 71 73 79 84 85 88;85;85
02/09/2025 20:00;140;04 05 06 09 11 17 18 20 23 26 31 34 36 43 55 69 74 77 86 89;36;36
04/09/2025 20:00;141;02 09 14 24 35 36 37 40 42 53 54 57 58 63 69 70 72 73 79 86;42;42
05/09/2025 20:00;142;03 05 06 07 08 12 15 16 17 20 21 38 44 46 50 60 73 75 78 80;8;8
06/09/2025 20:00;143;01 02 08 09 18 23 24 26 27 38 49 55 59 60 61 65 66 76 80 84;1;1
09/09/2025 20:00;144;20 25 28 29 33 40 47 49 50 51 60 63 66 67 78 80 83 85 86 88;80;80
11/09/2025 20:00;145;09 12 22 24 34 35 40 41 44 51 57 59 60 62 65 73 74 77 80 89;60;60
12/09/2025 20:00;146;02 06 09 12 15 19 23 24 32 39 42 52 54 63 64 68 69 76 77 84;32;32
13/09/2025 20:00;147;10 14 15 21 25 38 39 40 41 45 47 54 57 60 72 74 81 83 85 90;85;85
16/09/2025 20:00;148;15 18 19 23 24 26 27 28 29 33 35 37 55 57 62 74 78 80 84 89;26;26
18/09/2025 20:00;149;08 20 22 23 24 27 32 38 43 47 52 53 58 64 66 70 72 73 75 84;24;24
19/09/2025 20:00;150;03 07 15 23 24 30 31 34 37 38 42 45 55 60 62 69 73 75 77 90;60;60
20/09/2025 20:00;151;20 21 23 26 27 28 34 36 38 46 47 50 58 63 69 70 73 74 75 82;21;21
23/09/2025 20:00;152;07 08 10 21 22 24 27 38 48 50 55 58 60 61 62 69 80 83 84 90;84;84
25/09/2025 20:00;153;02 03 10 12 13 15 22 24 42 52 58 60 64 68 71 72 73 79 81 87;42;42
26/09/2025 20:00;154;03 06 12 13 15 18 23 24 27 34 37 38 39 40 44 54 59 84 85 90;15;15
27/09/2025 20:00;155;01 10 15 18 23 26 28 33 38 42 50 51 55 57 58 60 62 66 74 80;38;38
30/09/2025 20:00;156;05 12 14 16 38 42 46 56 59 61 63 64 67 68 69 74 79 80 81 84;14;14
02/10/2025 20:00;157;06 08 10 14 17 20 25 26 29 30 37 38 39 40 44 59 60 69 77 89;30;30
03/10/2025 20:00;158;02 04 06 10 15 23 24 27 36 42 51 53 54 56 62 68 69 70 84 85;53;53
04/10/2025 20:00;159;05 06 09 12 17 20 24 25 30 32 36 40 42 46 49 54 55 71 72 77;54;54
07/10/2025 20:00;160;04 05 06 15 21 22 28 35 38 42 43 46 52 53 57 76 79 80 81 90;22;22
09/10/2025 20:00;161;02 07 08 09 10 14 15 18 28 29 32 33 34 42 65 66 71 73 76 81;9;9
10/10/2025 20:00;162;01 13 18 20 22 33 38 43 46 50 51 52 58 65 67 69 70 78 79 86;50;50
11/10/2025 20:00;163;04 06 11 13 16 25 27 29 32 35 36 39 41 47 60 61 67 72 78 81;4;4
14/10/2025 20:00;164;06 07 09 15 17 24 25 27 28 34 48 49 53 57 58 66 68 72 82 84;48;48
16/10/2025 20:00;165;03 07 14 18 22 26 29 37 38 40 43 51 60 61 62 63 66 78 80 84;3;3
17/10/2025 20:00;166;05 12 13 17 21 22 36 38 42 43 54 57 59 63 65 67 75 77 89 90;43;43
18/10/2025 20:00;167;03 08 11 14 15 21 23 25 32 45 49 54 59 66 67 68 72 79 81 88;23;23
21/10/2025 20:00;168;11 13 14 22 25 27 40 43 49 50 53 55 56 67 68 74 78 79 88 89;89;89
23/10/2025 20:00;169;07 08 12 15 19 20 25 28 29 31 39 42 48 59 69 72 81 83 85 86;81;81
24/10/2025 20:00;170;03 04 11 13 21 22 27 31 32 33 35 43 45 58 68 73 75 77 84 88;33;33
25/10/2025 20:00;171;09 18 21 24 26 28 29 31 34 36 39 40 45 54 58 64 68 75 79 80;68;68
28/10/2025 20:00;172;03 14 18 26 36 41 42 43 48 55 62 67 69 71 77 79 80 81 87 88;71;71
30/10/2025 20:00;173;02 04 06 07 08 12 13 15 17 47 49 53 59 65 67 68 73 74 84 90;53;53
31/10/2025 20:00;174;02 10 14 23 24 28 30 31 43 44 46 50 53 56 62 64 71 72 77 86;43;43
03/11/2025 20:00;175;01 11 15 20 21 22 28 29 32 33 50 57 64 65 66 71 74 75 80 90;80;80
04/11/2025 20:00;176;09 11 15 21 23 30 35 37 47 49 52 55 65 66 72 82 84 85 88 90;21;21
06/11/2025 20:00;177;10 12 15 16 17 18 25 32 39 43 62 65 66 67 73 75 78 84 86 87;39;39
07/11/2025 20:00;178;04 05 16 23 24 26 30 37 39 41 44 53 66 73 75 81 85 86 87 90;87;87
08/11/2025 20:00;179;01 08 10 11 18 20 21 32 36 47 51 55 56 57 59 72 75 86 87 90;47;47
11/11/2025 20:00;180;07 09 11 22 25 27 40 41 51 58 59 60 62 64 66 67 71 74 81 84;81;81
13/11/2025 20:00;181;02 08 14 17 18 19 23 25 32 35 40 41 46 57 60 65 69 71 78 87;32;32
14/11/2025 20:00;182;01 09 16 36 41 43 44 45 46 48 52 53 56 61 67 68 72 73 81 84;9;9
15/11/2025 20:00;183;10 17 25 26 27 31 36 47 53 57 60 61 66 67 72 74 76 77 83 89;17;17
18/11/2025 20:00;184;05 07 08 14 17 24 27 35 36 42 45 48 51 52 57 60 69 77 78 82;7;7
20/11/2025 20:00;185;02 04 09 24 32 38 39 41 42 43 54 55 57 68 69 70 76 78 88 90;76;76
21/11/2025 20:00;186;01 06 19 21 24 25 28 29 30 33 37 43 44 53 56 59 70 74 77 82;77;77
22/11/2025 20:00;187;05 07 08 16 17 22 24 27 31 32 44 46 67 68 76 77 81 82 87 90;82;82
25/11/2025 20:00;188;01 06 10 12 14 20 33 34 39 41 47 48 55 66 73 77 78 79 86 90;6;6
27/11/2025 20:00;189;01 03 04 05 06 07 09 16 21 25 30 31 32 34 49 60 65 66 74 75;30;30
28/11/2025 20:00;190;05 07 08 26 27 30 31 38 39 43 49 52 57 67 74 75 78 80 81 84;80;80
29/11/2025 20:00;191;12 21 22 23 25 26 28 30 36 40 51 52 61 62 71 72 78 80 81 90;72;72
02/12/2025 20:00;192;04 09 12 14 15 23 25 28 29 39 49 50 57 60 61 62 63 67 79 83;50;50
04/12/2025 20:00;193;06 12 18 22 26 27 34 35 36 39 45 47 48 50 53 56 72 75 81 90;26;26
05/12/2025 20:00;194;02 15 16 18 22 23 24 25 32 38 44 49 58 65 68 69 83 87 88 90;68;68
06/12/2025 20:00;195;01 07 11 12 19 23 25 27 30 34 41 43 45 60 65 69 75 76 79 81;79;79
09/12/2025 20:00;196;01 11 12 13 16 18 21 22 29 35 38 42 47 56 63 65 70 76 80 81;42;42
11/12/2025 20:00;197;02 06 07 11 17 18 24 32 36 39 41 45 54 56 76 77 81 84 86 89;6;6
12/12/2025 20:00;198;02 10 18 19 25 28 38 40 45 57 60 66 70 71 74 75 76 78 84 88;70;70
13/12/2025 20:00;199;10 11 17 21 35 37 39 45 59 61 63 67 68 71 72 73 76 81 84 86;61;61
16/12/2025 20:00;200;13 15 17 20 23 32 39 40 41 43 52 53 55 58 60 62 76 78 82 85;78;78
18/12/2025 20:00;201;08 11 13 18 19 20 32 34 44 45 48 50 61 64 67 72 75 78 81 90;72;72
19/12/2025 20:00;202;01 02 05 10 15 22 23 29 31 33 45 52 59 65 72 73 78 80 81 88;31;31
20/12/2025 20:00;203;03 05 06 19 34 40 44 46 48 50 53 55 61 63 66 75 77 78 79 82;40;40
23/12/2025 20:00;204;01 02 09 10 12 18 22 25 29 32 45 48 49 56 57 62 63 79 82 90;57;57
24/12/2025 20:00;205;02 06 07 08 10 14 20 25 37 43 44 47 48 49 60 63 74 77 86 87;47;47
27/12/2025 20:00;206;08 11 12 21 24 26 30 35 37 40 41 45 46 50 53 65 68 78 87 89;45;45
29/12/2025 20:00;207;01 05 10 21 22 24 25 29 30 31 36 45 47 52 55 59 71 72 78 87;24;24
30/12/2025 20:00;208;02 03 07 08 15 16 20 21 26 29 36 43 61 64 65 66 70 79 82 86;15;15
02/01/2026 20:00;1;01 05 14 19 21 41 46 48 53 54 61 64 66 69 70 72 73 77 83 86;69;69
03/01/2026 20:00;2;02 07 13 15 16 19 21 22 33 34 36 42 45 51 62 65 67 78 81 86;33;33
05/01/2026 20:00;3;04 10 12 14 20 22 29 30 41 51 52 53 54 55 56 59 60 62 71 74;10;10
07/01/2026 20:00;4;02 04 05 08 14 16 27 28 31 35 41 44 46 54 66 67 74 78 87 88;28;28
08/01/2026 20:00;5;01 05 06 12 14 20 22 37 47 51 52 60 66 68 69 70 75 77 81 82;5;5
09/01/2026 20:00;6;03 06 14 16 23 26 28 32 38 39 44 48 50 52 59 60 68 76 78 80;52;52
10/01/2026 20:00;7;05 09 11 12 13 19 23 35 40 46 48 53 54 65 67 68 71 79 84 85;48;48
13/01/2026 20:00;8;02 03 04 05 12 16 21 23 48 49 57 59 60 62 67 68 74 75 85 89;75;75
15/01/2026 20:00;9;09 11 17 22 25 28 29 47 56 58 59 64 65 67 73 75 76 81 85 88;75;75
16/01/2026 20:00;10;04 16 17 25 31 32 36 38 42 44 55 56 57 61 65 68 77 78 84 86;77;77
17/01/2026 20:00;11;04 06 11 12 18 31 32 37 41 44 48 49 50 58 67 75 76 80 83 86;37;37
20/01/2026 20:00;12;08 12 16 23 29 38 43 44 48 49 51 59 64 70 73 77 78 86 87 89;78;78
22/01/2026 20:00;13;01 03 07 08 14 16 17 24 26 30 35 42 49 51 52 62 65 82 83 90;16;16
23/01/2026 20:00;14;03 06 08 10 13 18 21 25 28 33 38 41 42 44 47 53 58 71 74 76;21;21
24/01/2026 20:00;15;01 02 09 13 23 24 26 28 30 48 55 64 66 71 74 75 76 78 81 84;26;26
27/01/2026 20:00;16;02 03 04 11 12 13 14 15 18 19 22 23 30 31 42 48 67 69 79 85;14;14
29/01/2026 20:00;17;02 03 04 12 15 20 26 28 29 42 48 50 52 57 68 71 72 73 75 81;52;52
30/01/2026 20:00;18;06 07 08 16 22 28 37 42 46 47 49 51 52 59 61 67 70 74 77 80;52;52
31/01/2026 20:00;19;02 04 06 08 10 13 14 21 22 27 29 33 38 39 48 62 67 71 72 82;82;82
03/02/2026 20:00;20;07 15 20 21 23 24 26 30 41 47 50 52 65 71 72 75 76 79 84 85;26;26
05/02/2026 20:00;21;03 04 05 12 13 14 16 21 25 28 29 43 49 56 59 60 63 68 73 78;59;59
06/02/2026 20:00;22;01 04 08 09 16 18 23 26 30 33 41 48 55 58 59 75 77 78 82 89;9;9
07/02/2026 20:00;23;05 07 08 13 15 19 25 30 31 35 37 42 45 52 59 62 64 65 66 87;5;5
10/02/2026 20:00;24;02 10 14 20 26 29 31 34 36 39 43 44 47 50 60 61 63 75 78 87;20;20
12/02/2026 20:00;25;02 07 09 20 26 27 29 51 52 56 59 71 73 76 77 79 81 87 89 90;59;59
13/02/2026 20:00;26;01 03 04 07 08 16 20 26 33 37 44 45 51 54 57 58 68 70 71 72;71;71
14/02/2026 20:00;27;04 06 09 19 21 23 27 37 39 40 49 51 61 64 67 73 77 79 89 90;64;64
17/02/2026 20:00;28;03 06 09 10 12 14 19 25 30 31 40 41 47 55 62 65 66 72 86 88;40;40
19/02/2026 20:00;29;07 09 10 28 29 37 45 46 47 52 58 61 66 68 69 73 79 84 86 90;46;46
20/02/2026 20:00;30;03 06 07 14 19 24 27 31 38 40 50 52 56 57 64 67 70 71 72 88;71;71
21/02/2026 20:00;31;01 02 06 11 23 27 28 30 31 32 35 39 56 57 63 65 68 70 72 74;72;72
24/02/2026 20:00;32;15 19 26 27 31 38 39 42 44 45 49 57 62 65 68 70 71 78 81 88;78;78
26/02/2026 20:00;33;07 13 19 22 23 25 26 30 36 37 39 45 46 54 59 69 78 81 83 86;86;86
27/02/2026 20:00;34;01 05 10 14 20 21 22 23 24 31 36 41 44 46 50 56 58 77 82 87;1;1
28/02/2026 20:00;35;04 11 24 26 29 32 37 43 44 50 51 59 63 66 68 70 73 78 80 83;63;63
03/03/2026 20:00;36;04 05 06 14 23 24 32 36 37 41 42 47 48 49 60 66 68 73 82 88;36;36
05/03/2026 20:00;37;01 02 04 05 07 15 21 23 29 33 43 45 47 49 51 65 81 84 85 89;2;2
06/03/2026 20:00;38;01 04 13 14 18 29 36 38 39 41 43 49 51 59 67 72 75 76 83 87;43;43
07/03/2026 20:00;39;04 10 11 15 18 19 21 23 27 28 39 41 49 51 57 70 72 76 89 90;72;72
10/03/2026 20:00;40;12 14 16 18 21 22 27 31 34 35 38 39 46 54 61 66 71 75 88 89;22;22
12/03/2026 20:00;41;02 25 27 33 35 37 48 49 50 51 55 59 60 63 64 66 71 72 75 83;27;27
13/03/2026 20:00;42;05 15 21 24 25 35 42 44 45 46 49 50 51 58 61 71 72 78 80 84;84;84
14/03/2026 20:00;43;08 11 16 22 34 38 39 44 46 52 56 57 62 64 66 69 76 84 85 88;34;34
17/03/2026 20:00;44;06 07 15 17 21 26 28 33 39 41 43 49 54 58 62 64 68 82 88 90;49;49
19/03/2026 20:00;45;02 05 12 14 18 26 28 34 35 37 47 51 52 58 59 60 64 72 86 88;2;2
20/03/2026 20:00;46;16 23 25 26 29 33 36 41 42 43 48 49 50 51 58 62 70 83 84 86;36;36
21/03/2026 20:00;47;06 07 10 17 18 22 24 29 36 40 43 51 56 65 66 76 79 81 83 84;17;17
24/03/2026 20:00;48;06 09 14 15 16 17 24 27 38 41 46 51 57 62 70 73 84 85 88 90;51;51
26/03/2026 20:00;49;16 19 20 21 26 27 29 33 35 44 48 49 52 58 59 60 69 73 77 83;69;69
27/03/2026 20:00;50;07 08 09 14 16 21 23 29 33 36 43 50 52 66 67 69 71 80 85 88;9;9
28/03/2026 20:00;51;01 04 07 13 19 26 29 38 47 48 52 53 57 58 66 67 79 81 87 90;53;53
31/03/2026 20:00;52;07 09 15 16 17 18 24 25 28 34 40 52 53 58 61 64 65 80 84 87;64;64
02/04/2026 20:00;53;01 05 06 10 14 15 20 21 36 39 46 53 54 55 60 64 69 79 86 89;86;86
03/04/2026 20:00;54;04 09 12 14 24 25 45 49 51 52 53 57 68 70 73 74 75 79 81 90;70;70
04/04/2026 20:00;55;01 07 13 16 18 21 23 24 36 38 40 52 64 69 72 80 81 83 84 86;81;81
07/04/2026 20:00;56;05 12 20 23 31 38 39 43 48 54 57 58 60 65 70 71 73 76 80 82;80;80
09/04/2026 20:00;57;03 09 14 19 26 30 32 38 41 43 44 49 50 52 57 68 77 81 84 90;38;38
10/04/2026 20:00;58;02 07 08 09 11 19 28 30 31 33 41 43 44 60 62 72 75 76 79 81;79;79
11/04/2026 20:00;59;05 08 09 13 14 23 47 50 54 56 58 61 62 65 75 76 80 83 85 87;9;9
14/04/2026 20:00;60;04 07 12 13 14 30 32 33 37 40 43 47 48 50 64 72 73 75 76 85;12;12
16/04/2026 20:00;61;02 04 15 17 22 25 26 30 32 35 42 46 48 67 71 72 77 81 87 90;17;17
17/04/2026 20:00;62;02 14 15 21 26 27 30 31 34 47 54 60 64 65 67 68 74 75 79 82;31;31
18/04/2026 20:00;63;01 05 11 15 20 23 24 32 34 37 42 44 46 56 58 60 69 71 85 87;42;42
21/04/2026 20:00;64;06 07 09 10 11 16 23 32 42 43 48 52 55 59 67 71 75 76 88 90;9;9
23/04/2026 20:00;65;05 06 07 09 19 22 23 33 37 41 46 47 52 55 61 64 71 73 84 89;22;22
24/04/2026 20:00;66;07 13 15 22 25 30 36 39 43 49 55 69 71 72 75 78 83 85 88 89;15;15
27/04/2026 20:00;67;01 04 05 15 17 19 24 26 37 38 39 40 43 55 68 70 71 78 80 85;38;38
28/04/2026 20:00;68;05 21 22 33 34 36 40 44 45 47 49 50 58 59 62 64 68 70 77 80;68;68
30/04/2026 20:00;69;01 02 06 08 27 28 35 38 39 46 50 54 56 57 58 62 65 74 76 82;2;2
02/05/2026 20:00;70;01 09 18 21 28 32 35 42 43 46 49 53 58 62 64 65 70 75 81 86;42;42
04/05/2026 20:00;71;02 07 10 15 16 18 22 23 24 25 28 40 41 51 54 70 71 72 80 89;22;22
05/05/2026 20:00;72;09 13 14 19 20 29 32 34 43 47 50 51 60 68 69 71 77 78 81 88;13;13
07/05/2026 20:00;73;01 04 07 11 14 15 18 24 30 44 48 58 60 62 67 70 73 81 84 86;15;15
08/05/2026 20:00;74;07 08 09 17 26 30 32 33 38 39 40 41 45 49 56 64 71 80 82 83;41;41
09/05/2026 20:00;75;02 15 27 28 34 36 38 41 51 54 58 62 64 65 66 69 75 76 81 87;65;65
12/05/2026 20:00;76;05 13 17 20 23 32 33 36 41 42 48 50 61 63 65 72 79 80 86 90;63;63
14/05/2026 20:00;77;01 18 29 32 33 34 37 40 46 48 50 51 54 57 62 67 70 84 86 89;18;18
15/05/2026 20:00;78;02 03 04 06 07 11 12 18 34 38 40 46 48 49 57 63 64 80 83 89;89;89
16/05/2026 20:00;79;08 09 15 29 30 46 50 52 57 58 61 62 63 68 73 80 82 84 85 86;84;84
19/05/2026 20:00;80;10 23 26 30 31 35 37 38 39 42 43 47 56 58 66 68 75 78 86 89;31;31
21/05/2026 20:00;81;02 04 05 21 23 29 31 37 40 44 56 61 64 65 68 73 79 85 86 88;88;88
22/05/2026 20:00;82;10 12 14 16 24 25 42 45 48 50 51 58 61 62 66 71 73 74 77 81;45;45
23/05/2026 20:00;83;03 10 12 15 19 25 26 30 31 34 35 38 43 44 49 53 68 72 83 88;19;19
26/05/2026 20:00;84;03 17 18 23 26 29 30 31 35 37 39 44 60 68 72 74 78 79 82 87;37;37
28/05/2026 20:00;85;02 03 06 07 16 18 19 21 22 25 46 49 54 59 63 73 75 80 88 89;18;18
29/05/2026 20:00;86;03 07 10 12 20 26 27 28 29 30 33 34 36 56 60 68 76 84 87 90;87;87
30/05/2026 20:00;87;01 05 14 15 18 23 33 34 47 54 60 61 62 67 71 72 76 78 84 87;87;87
03/06/2026 20:00;88;04 05 06 07 15 23 24 36 37 40 48 49 53 61 63 65 71 79 81 85;6;6
04/06/2026 20:00;89;02 14 17 20 21 24 25 30 33 48 56 58 59 62 63 69 73 76 78 89;78;78
05/06/2026 20:00;90;04 08 10 11 15 24 27 33 36 39 47 50 56 57 60 68 71 75 79 89;11;11
06/06/2026 20:00;91;04 16 31 34 35 37 38 40 44 45 59 61 62 64 65 68 70 72 76 79;79;79
09/06/2026 20:00;92;03 10 12 27 28 31 33 35 37 43 52 55 66 68 71 74 81 82 85 90;31;31
11/06/2026 20:00;93;03 10 23 24 32 40 42 53 55 56 59 64 76 77 79 81 85 86 87 89;53;53
12/06/2026 20:00;94;08 09 23 32 37 38 40 45 46 51 55 56 59 65 69 71 76 77 79 87;45;45
13/06/2026 20:00;95;03 05 16 19 25 29 34 39 42 46 48 62 65 67 70 75 77 82 84 86;25;25
16/06/2026 20:00;96;10 12 15 16 18 19 21 34 36 37 40 41 42 44 50 61 62 64 67 70;50;50
18/06/2026 20:00;97;01 12 15 20 29 34 37 39 46 55 56 62 64 65 68 70 82 84 85 86;46;46
19/06/2026 20:00;98;02 05 06 13 14 18 23 36 41 43 47 50 58 60 61 69 75 79 86 90;86;86
20/06/2026 20:00;99;07 08 17 23 24 32 34 37 42 51 56 58 61 69 74 75 78 79 88 90;90;90
23/06/2026 20:00;100;02 03 05 12 16 17 19 24 27 28 42 43 49 55 58 65 69 70 84 88;42;42
25/06/2026 20:00;101;05 07 11 18 23 24 25 29 37 42 49 51 55 57 59 64 69 78 82 84;18;18
26/06/2026 20:00;102;02 03 12 17 20 21 27 29 34 36 37 52 56 59 65 68 77 79 81 87;3;3
27/06/2026 20:00;103;09 15 17 32 41 42 43 46 50 52 54 56 65 69 70 72 77 81 82 86;46;46
30/06/2026 20:00;104;07 10 14 24 28 32 34 41 45 54 58 59 66 67 70 73 77 81 85 86;24;24
02/07/2026 20:00;105;02 03 05 08 14 23 32 36 40 50 51 52 58 62 63 78 80 82 88 90;62;62
03/07/2026 20:00;106;02 04 07 10 15 21 26 29 31 37 40 43 47 50 51 54 59 76 86 89;40;40
04/07/2026 20:00;107;05 06 12 22 24 29 32 35 38 56 61 71 76 77 79 80 81 82 87 88;81;81
07/07/2026 20:00;108;02 04 11 14 19 23 24 26 27 31 49 50 51 53 58 63 71 79 80 90;31;31
09/07/2026 20:00;109;01 10 22 26 33 35 36 38 39 40 44 46 48 53 61 65 69 75 83 90;61;61
10/07/2026 20:00;110;05 17 39 45 46 49 51 54 56 58 59 60 67 69 71 84 85 87 88 89;88;88
11/07/2026 20:00;111;02 12 14 15 24 27 31 32 33 42 49 52 53 54 68 70 74 77 81 90;42;42
14/07/2026 20:00;112;02 07 08 09 12 18 28 29 31 36 46 48 51 52 54 60 66 68 76 84;48;48
16/07/2026 20:00;113;01 02 08 10 12 15 17 18 23 27 32 36 43 45 63 72 76 78 80 86;2;2
17/07/2026 20:00;114;01 05 25 29 35 37 39 43 49 51 52 63 66 67 69 72 73 75 85 87;37;37
18/07/2026 20:00;115;06 08 09 10 13 14 22 30 32 44 47 51 55 59 62 63 65 69 74 89;65;65
21/07/2026 20:00;116;01 15 24 32 36 42 47 48 52 60 64 68 69 70 75 77 78 82 85 89;52;52
23/07/2026 20:00;117;04 13 17 18 30 31 40 48 54 57 58 59 64 75 76 78 81 84 85 89;76;76
24/07/2026 20:00;118;03 07 12 14 15 16 21 24 29 40 42 43 56 59 60 64 68 71 72 88;42;42
25/07/2026 20:00;119;03 11 14 19 22 23 25 26 28 29 36 41 61 62 66 75 80 86 89 90;86;86
28/07/2026 20:00;120;01 08 09 10 11 23 27 35 38 47 55 60 66 69 71 75 80 82 88 89;82;82
30/07/2026 20:00;121;09 11 19 35 39 40 42 50 56 57 60 63 64 68 69 72 73 78 83 87;68;68
31/07/2026 20:00;122;01 11 19 29 32 35 41 49 51 55 58 60 69 73 81 82 85 86 89 90;86;86
01/08/2026 20:00;123;01 04 10 13 21 23 30 32 36 46 54 59 61 73 74 76 77 78 84 89;46;46
04/08/2026 20:00;124;04 05 06 12 18 24 25 28 33 37 40 42 47 49 62 70 75 77 86 88;40;40
06/08/2026 20:00;125;01 04 07 08 16 18 21 22 44 46 50 52 53 58 59 61 63 65 69 74;22;22
07/08/2026 20:00;126;01 05 13 16 21 23 27 28 33 44 48 53 56 62 63 70 71 75 83 84;16;16
08/08/2026 20:00;127;01 10 24 27 28 32 35 36 37 47 49 50 54 55 66 78 80 85 88 90;10;10
11/08/2026 20:00;128;02 04 05 15 17 21 29 31 38 40 41 45 60 64 72 78 79 82 87 88;38;38
